trajectory,profile_id,time,latitude,longitude
,,UTC,degrees_north,degrees_east
cp_379-20200302T0944,1,2020-03-02T09:57:20Z,39.917248822079046,-70.36086048642977
cp_379-20200302T0944,2,2020-03-02T10:28:36Z,39.918954000042845,-70.36277452153954
cp_379-20200302T0944,3,2020-03-02T10:41:43Z,39.91730887128248,-70.36323997741472
cp_379-20200302T0944,4,2020-03-02T11:18:11Z,39.91731562371257,-70.36437127350607
cp_379-20200302T0944,5,2020-03-02T11:45:27Z,39.91311781371989,-70.36220508126512
cp_379-20200302T0944,6,2020-03-02T12:44:36Z,39.91068307419393,-70.3644744963874
cp_379-20200302T0944,7,2020-03-02T13:38:15Z,39.90116271463814,-70.36362184146941
cp_379-20200302T0944,8,2020-03-02T15:02:05Z,39.89660446383021,-70.36529779444493
cp_379-20200302T0944,9,2020-03-02T16:21:25Z,39.88562380447131,-70.36240091936824
cp_379-20200302T0944,10,2020-03-02T18:01:28Z,39.87764878874497,-70.36191003207212
cp_379-20200302T0944,11,2020-03-02T19:43:42Z,39.85989054894082,-70.36388596744486
cp_379-20200302T0944,12,2020-03-02T21:46:28Z,39.84953196844684,-70.36646867749867
cp_379-20200302T0944,13,2020-03-02T23:17:52Z,39.84421332560329,-70.3714119503501
cp_379-20200302T0944,14,2020-03-03T01:08:56Z,39.8407555886441,-70.37332139660022
cp_379-20200302T0944,15,2020-03-03T02:52:42Z,39.83780617037593,-70.35991883604459
cp_379-20200302T0944,16,2020-03-03T04:32:43Z,39.835562380433544,-70.3497204914733
cp_379-20200302T0944,17,2020-03-03T06:12:47Z,39.83277776426454,-70.33706401474441
cp_379-20200302T0944,18,2020-03-03T08:20:35Z,39.82883407420563,-70.32953763478561
cp_379-20200302T0944,19,2020-03-03T09:57:19Z,39.8289477681806,-70.3183257517198
cp_379-20200302T0944,20,2020-03-03T11:27:12Z,39.829027701015214,-70.3108029030042
cp_379-20200302T0944,21,2020-03-03T13:07:02Z,39.82915399250006,-70.29891702732873
cp_379-20200302T0944,22,2020-03-03T15:11:07Z,39.83025216810292,-70.29395059764812
cp_379-20200302T0944,23,2020-03-03T16:46:53Z,39.830576362727605,-70.2855294808154
cp_379-20200302T0944,24,2020-03-03T18:20:28Z,39.83083179201476,-70.27872015549303
cp_379-20200302T0944,25,2020-03-03T19:57:22Z,39.831148556515465,-70.27027573410406
cp_379-20200302T0944,26,2020-03-03T22:02:37Z,39.83255255997716,-70.27408571909342
cp_379-20200302T0944,27,2020-03-03T23:38:47Z,39.82970989621089,-70.26571953308917
cp_379-20200302T0944,28,2020-03-04T01:14:12Z,39.827365501645346,-70.25879683152209
cp_379-20200302T0944,29,2020-03-04T02:54:20Z,39.82418115478092,-70.24939385671888
cp_379-20200302T0944,30,2020-03-04T04:45:29Z,39.82460435223931,-70.24305741591444
cp_379-20200302T0944,31,2020-03-04T06:29:04Z,39.82595104262081,-70.2333720911559
cp_379-20200302T0944,32,2020-03-04T08:08:51Z,39.82699296771847,-70.2258865185213
cp_379-20200302T0944,33,2020-03-04T09:53:07Z,39.828327238064844,-70.21630063023187
cp_379-20200302T0944,34,2020-03-04T12:03:02Z,39.822138060883866,-70.20770837976649
cp_379-20200302T0944,35,2020-03-04T13:45:41Z,39.82047303257696,-70.20060088676
cp_379-20200302T0944,36,2020-03-04T15:25:10Z,39.81902039515163,-70.1943681226153
cp_379-20200302T0944,37,2020-03-04T17:06:36Z,39.817423498649426,-70.1875163927285
cp_379-20200302T0944,38,2020-03-04T18:59:32Z,39.8154378421461,-70.18507382603396
cp_379-20200302T0944,39,2020-03-04T20:45:23Z,39.81728342929958,-70.17872805438247
cp_379-20200302T0944,40,2020-03-04T22:25:26Z,39.81883772457402,-70.1734121159772
cp_379-20200302T0944,41,2020-03-05T00:08:03Z,39.82067554248896,-70.1671264847997
cp_379-20200302T0944,42,2020-03-05T02:23:49Z,39.818719188801175,-70.16643661559759
cp_379-20200302T0944,43,2020-03-05T03:58:51Z,39.81988766880559,-70.16026347429396
cp_379-20200302T0944,44,2020-03-05T05:25:00Z,39.820814320636885,-70.15538165275414
cp_379-20200302T0944,45,2020-03-05T06:59:39Z,39.82199978354192,-70.1491363531184
cp_379-20200302T0944,46,2020-03-05T09:06:16Z,39.819130493769535,-70.14568324994379
cp_379-20200302T0944,47,2020-03-05T10:51:58Z,39.819287171421884,-70.13784437080338
cp_379-20200302T0944,48,2020-03-05T12:26:57Z,39.819413888332846,-70.13213286290011
cp_379-20200302T0944,49,2020-03-05T14:07:19Z,39.81958044919765,-70.12462546954308
cp_379-20200302T0944,50,2020-03-05T16:05:22Z,39.82055693561752,-70.11880279123304
cp_379-20200302T0944,51,2020-03-05T17:43:11Z,39.8242182347187,-70.11132885818971
cp_379-20200302T0944,52,2020-03-05T19:13:16Z,39.82728294159779,-70.10510579048766
cp_379-20200302T0944,53,2020-03-05T20:51:54Z,39.83108184097075,-70.09739190171335
cp_379-20200302T0944,54,2020-03-05T22:48:27Z,39.832553804009784,-70.09482448971879
cp_379-20200302T0944,55,2020-03-06T00:33:13Z,39.83148797473042,-70.08489704104045
cp_379-20200302T0944,56,2020-03-06T02:15:41Z,39.83067431814868,-70.07725217599086
cp_379-20200302T0944,57,2020-03-06T03:58:49Z,39.82964708963433,-70.06760065525901
cp_379-20200302T0944,58,2020-03-06T06:07:49Z,39.829693394540975,-70.0635474278233
cp_379-20200302T0944,59,2020-03-06T07:47:50Z,39.83147251991263,-70.05519905916584
cp_379-20200302T0944,60,2020-03-06T09:25:07Z,39.832870862363045,-70.04865862847359
cp_379-20200302T0944,61,2020-03-06T11:03:26Z,39.83462375673874,-70.04045986130346
cp_379-20200302T0944,62,2020-03-06T13:08:46Z,39.838836770940105,-70.0397226464938
cp_379-20200302T0944,63,2020-03-06T14:55:07Z,39.83795404798116,-70.02904669619178
cp_379-20200302T0944,64,2020-03-06T16:41:33Z,39.837239733623505,-70.02061457293081
cp_379-20200302T0944,65,2020-03-06T18:25:07Z,39.83638894111018,-70.01057139339076
cp_379-20200302T0944,66,2020-03-06T20:28:56Z,39.83433505339828,-70.01103881748466
cp_379-20200302T0944,67,2020-03-06T22:13:14Z,39.832382891476314,-70.00634347028212
cp_379-20200302T0944,68,2020-03-07T00:13:46Z,39.8235313197594,-70.01886970194377
cp_379-20200302T0944,69,2020-03-07T02:03:58Z,39.807403175641234,-70.03775713375293
cp_379-20200302T0944,70,2020-03-07T03:57:19Z,39.79108571573564,-70.0579345301758
cp_379-20200302T0944,71,2020-03-07T05:39:40Z,39.77440054419675,-70.07789889449093
cp_379-20200302T0944,72,2020-03-07T07:22:29Z,39.75947467502158,-70.09575128472733
cp_379-20200302T0944,73,2020-03-07T09:10:25Z,39.74140999882301,-70.11735790911924
cp_379-20200302T0944,74,2020-03-07T11:04:20Z,39.72521744481987,-70.13516465387063
cp_379-20200302T0944,75,2020-03-07T12:45:09Z,39.70907670635421,-70.14780897386966
cp_379-20200302T0944,76,2020-03-07T14:23:18Z,39.69449363716215,-70.15922150602643
cp_379-20200302T0944,77,2020-03-07T16:02:19Z,39.67636699479081,-70.17340719535098
cp_379-20200302T0944,78,2020-03-07T17:53:18Z,39.66130014089075,-70.18351102853539
cp_379-20200302T0944,79,2020-03-07T19:43:42Z,39.6440149967764,-70.19491833246315
cp_379-20200302T0944,80,2020-03-07T21:28:07Z,39.62929773902546,-70.20462375468624
cp_379-20200302T0944,81,2020-03-07T23:10:36Z,39.61296332631949,-70.21539562365534
cp_379-20200302T0944,82,2020-03-08T01:01:02Z,39.597741260608956,-70.22858059183741
cp_379-20200302T0944,83,2020-03-08T02:46:15Z,39.580866412986,-70.24489499762143
cp_379-20200302T0944,84,2020-03-08T04:29:05Z,39.56811195898014,-70.25721841217192
cp_379-20200302T0944,85,2020-03-08T06:14:09Z,39.55041967549459,-70.27431278121638
cp_379-20200302T0944,86,2020-03-08T08:06:33Z,39.53667385025949,-70.2896879547456
cp_379-20200302T0944,87,2020-03-08T09:49:02Z,39.52219050721339,-70.30945830381324
cp_379-20200302T0944,88,2020-03-08T11:27:28Z,39.50991601256487,-70.32621940274227
cp_379-20200302T0944,89,2020-03-08T13:06:00Z,39.49484085626109,-70.34680486824725
cp_379-20200302T0944,90,2020-03-08T14:53:44Z,39.48378017123538,-70.36141829714138
cp_379-20200302T0944,91,2020-03-08T16:37:06Z,39.47106267862995,-70.37770962724144
cp_379-20200302T0944,92,2020-03-08T18:16:40Z,39.46042387344475,-70.39132949433406
cp_379-20200302T0944,93,2020-03-08T20:02:43Z,39.446745486995944,-70.40884065298684
cp_379-20200302T0944,94,2020-03-08T22:53:22Z,39.43342151560188,-70.42093659268875
cp_379-20200302T0944,95,2020-03-09T00:37:33Z,39.41727565585165,-70.44663504515852
cp_379-20200302T0944,96,2020-03-09T02:14:47Z,39.40679511467695,-70.46330759847322
cp_379-20200302T0944,97,2020-03-09T04:00:35Z,39.39056766979832,-70.48912238564793
cp_379-20200302T0944,98,2020-03-09T06:13:37Z,39.37914611529573,-70.5107255211354
cp_379-20200302T0944,99,2020-03-09T07:56:10Z,39.36898100344621,-70.53320509353588
cp_379-20200302T0944,100,2020-03-09T09:35:27Z,39.35931989759215,-70.55457918136668
cp_379-20200302T0944,101,2020-03-09T11:12:52Z,39.34884740039875,-70.5777483794068
cp_379-20200302T0944,102,2020-03-09T13:10:40Z,39.34735155250052,-70.59417197938376
cp_379-20200302T0944,103,2020-03-09T14:56:48Z,39.35753235510537,-70.61196195989362
cp_379-20200302T0944,104,2020-03-09T16:37:42Z,39.36592086877854,-70.62660339436137
cp_379-20200302T0944,105,2020-03-09T18:24:42Z,39.375316365955726,-70.64300243256662
cp_379-20200302T0944,106,2020-03-09T20:39:10Z,39.389215844580626,-70.65941410440317
cp_379-20200302T0944,107,2020-03-09T22:23:51Z,39.40650637993023,-70.6789470079974
cp_379-20200302T0944,108,2020-03-09T23:58:41Z,39.42025351738956,-70.69447598694275
cp_379-20200302T0944,109,2020-03-10T01:39:25Z,39.43699018083456,-70.71338198064663
cp_379-20200302T0944,110,2020-03-10T03:54:07Z,39.449296755001264,-70.72714508774725
cp_379-20200302T0944,111,2020-03-10T05:42:17Z,39.46622916328494,-70.74530421400469
cp_379-20200302T0944,112,2020-03-10T07:27:57Z,39.479214294869216,-70.75922042487433
cp_379-20200302T0944,113,2020-03-10T09:15:09Z,39.495379215999435,-70.77654442730584
cp_379-20200302T0944,114,2020-03-10T11:24:47Z,39.51027845915791,-70.78961620245943
cp_379-20200302T0944,115,2020-03-10T13:14:02Z,39.52555692714855,-70.8056584941503
cp_379-20200302T0944,116,2020-03-10T14:57:06Z,39.53833808069411,-70.81908311795992
cp_379-20200302T0944,117,2020-03-10T16:40:18Z,39.552246004819736,-70.83369123988675
cp_379-20200302T0944,118,2020-03-10T18:41:40Z,39.5664306619535,-70.84435331769592
cp_379-20200302T0944,119,2020-03-10T20:19:33Z,39.581538106951704,-70.86002630967619
cp_379-20200302T0944,120,2020-03-10T21:45:52Z,39.59211150906519,-70.87101095942944
cp_379-20200302T0944,121,2020-03-10T23:21:19Z,39.606549595407685,-70.88601060853736
cp_379-20200302T0944,122,2020-03-11T01:20:26Z,39.617288721049206,-70.89851913987253
cp_379-20200302T0944,123,2020-03-11T02:59:07Z,39.62611420776696,-70.91635306867525
cp_379-20200302T0944,124,2020-03-11T04:28:11Z,39.633142923395525,-70.93057443083482
cp_379-20200302T0944,125,2020-03-11T06:06:18Z,39.64193897431894,-70.94837168318737
cp_379-20200302T0944,126,2020-03-11T08:26:27Z,39.64964695169073,-70.96569407535344
cp_379-20200302T0944,127,2020-03-11T10:09:33Z,39.66380491367461,-70.98167619897798
cp_379-20200302T0944,128,2020-03-11T11:53:26Z,39.67501848509374,-70.99431211650293
cp_379-20200302T0944,129,2020-03-11T13:38:58Z,39.68911276385291,-71.0101941345789
cp_379-20200302T0944,130,2020-03-11T15:44:19Z,39.69520254266188,-71.02956127408882
cp_379-20200302T0944,131,2020-03-11T17:29:31Z,39.70966370007562,-71.04762102131171
cp_379-20200302T0944,132,2020-03-11T19:09:55Z,39.72057298770393,-71.061187657737
cp_379-20200302T0944,133,2020-03-11T20:51:46Z,39.73433333749704,-71.07829983491011
cp_379-20200302T0944,134,2020-03-11T22:45:36Z,39.74823310563781,-71.0947996013711
cp_379-20200302T0944,135,2020-03-12T00:30:45Z,39.76385321742049,-71.1082981576376
cp_379-20200302T0944,136,2020-03-12T02:09:30Z,39.776540903350714,-71.11924425913273
cp_379-20200302T0944,137,2020-03-12T03:50:20Z,39.79252913116791,-71.13303785123269
cp_379-20200302T0944,138,2020-03-12T06:02:16Z,39.79920576773778,-71.14250506199056
cp_379-20200302T0944,139,2020-03-12T07:43:28Z,39.80747413640345,-71.1505613283729
cp_379-20200302T0944,140,2020-03-12T08:58:04Z,39.81270431962823,-71.15565819465805
cp_379-20200302T0944,141,2020-03-12T09:54:12Z,39.81725319862467,-71.16009112310353
cp_379-20200302T0944,142,2020-03-12T11:27:40Z,39.81051082639974,-71.16777672633152
cp_379-20200302T0944,143,2020-03-12T13:11:26Z,39.79259884897394,-71.16869580127067
cp_379-20200302T0944,144,2020-03-12T15:09:06Z,39.77687707445376,-71.17454329268807
cp_379-20200302T0944,145,2020-03-12T16:48:54Z,39.75707068536484,-71.17775975290928
cp_379-20200302T0944,146,2020-03-12T18:19:46Z,39.741884427850216,-71.18016632230494
cp_379-20200302T0944,147,2020-03-12T19:59:22Z,39.72359974673106,-71.18306389953543
cp_379-20200302T0944,148,2020-03-12T22:05:14Z,39.70939932859105,-71.18588639878176
cp_379-20200302T0944,149,2020-03-12T23:49:02Z,39.69113755388294,-71.18259365984002
cp_379-20200302T0944,150,2020-03-13T01:30:03Z,39.675306043256604,-71.17973124049709
cp_379-20200302T0944,151,2020-03-13T03:13:41Z,39.6569476081935,-71.17641194009228
cp_379-20200302T0944,152,2020-03-13T05:20:43Z,39.63982519019406,-71.17770466580636
cp_379-20200302T0944,153,2020-03-13T07:04:05Z,39.62002253126061,-71.17233533193918
cp_379-20200302T0944,154,2020-03-13T08:41:11Z,39.6040054093091,-71.16797093239887
cp_379-20200302T0944,155,2020-03-13T10:21:40Z,39.58567907615589,-71.16297731118333
cp_379-20200302T0944,156,2020-03-13T12:27:49Z,39.57401257597232,-71.16196310794503
cp_379-20200302T0944,157,2020-03-13T14:15:14Z,39.553846905195726,-71.1596994066462
cp_379-20200302T0944,158,2020-03-13T15:57:31Z,39.5386544144873,-71.15798712167533
cp_379-20200302T0944,159,2020-03-13T17:40:39Z,39.51983600226581,-71.15586617356742
cp_379-20200302T0944,160,2020-03-13T19:50:24Z,39.50911332808831,-71.15410518383106
cp_379-20200302T0944,161,2020-03-13T21:31:57Z,39.49639623166203,-71.16023031183796
cp_379-20200302T0944,162,2020-03-13T23:06:39Z,39.485824844155076,-71.16533573441257
cp_379-20200302T0944,163,2020-03-14T00:55:25Z,39.472208834699664,-71.17191154879872
cp_379-20200302T0944,164,2020-03-14T03:10:05Z,39.45728179978848,-71.17676554974733
cp_379-20200302T0944,165,2020-03-14T04:52:55Z,39.43930728088942,-71.17758501278335
cp_379-20200302T0944,166,2020-03-14T06:29:24Z,39.42668563375903,-71.17815550439472
cp_379-20200302T0944,167,2020-03-14T08:13:57Z,39.40972743013037,-71.1789220060101
cp_379-20200302T0944,168,2020-03-14T10:25:20Z,39.394021930556356,-71.1793281799233
cp_379-20200302T0944,169,2020-03-14T12:13:18Z,39.37726514467947,-71.17540476744614
cp_379-20200302T0944,170,2020-03-14T13:55:41Z,39.36407850114945,-71.17231783921835
cp_379-20200302T0944,171,2020-03-14T15:40:29Z,39.34828667756768,-71.16862105118646
cp_379-20200302T0944,172,2020-03-14T17:18:49Z,39.33847988050762,-71.16748488760155
cp_379-20200302T0944,173,2020-03-14T17:59:53Z,39.33634818359893,-71.1657952437219
cp_379-20200302T0944,174,2020-03-14T19:25:40Z,39.338308116957954,-71.16155632217315
cp_379-20200302T0944,175,2020-03-14T21:13:27Z,39.347154874575516,-71.15185945244345
cp_379-20200302T0944,176,2020-03-14T22:56:28Z,39.355476546349685,-71.14273853765228
cp_379-20200302T0944,177,2020-03-15T00:41:40Z,39.36492682233815,-71.13238062347554
cp_379-20200302T0944,178,2020-03-15T02:42:04Z,39.371934156223865,-71.12563766175062
cp_379-20200302T0944,179,2020-03-15T04:27:54Z,39.379151055216234,-71.11602326785888
cp_379-20200302T0944,180,2020-03-15T06:11:34Z,39.386113511792686,-71.10673795768854
cp_379-20200302T0944,181,2020-03-15T07:56:14Z,39.39391975948366,-71.09632734610602
cp_379-20200302T0944,182,2020-03-15T10:09:26Z,39.39772109227197,-71.09316421020125
cp_379-20200302T0944,183,2020-03-15T11:56:59Z,39.40800232841955,-71.08403829707706
cp_379-20200302T0944,184,2020-03-15T13:37:17Z,39.415934071649886,-71.07698175543122
cp_379-20200302T0944,185,2020-03-15T15:18:26Z,39.425864188287655,-71.06814734418421
cp_379-20200302T0944,186,2020-03-15T17:13:57Z,39.432669337393556,-71.0609792524643
cp_379-20200302T0944,187,2020-03-15T19:00:40Z,39.442003138409035,-71.04594835691002
cp_379-20200302T0944,188,2020-03-15T20:41:21Z,39.44900756398777,-71.03464959923134
cp_379-20200302T0944,189,2020-03-15T22:23:58Z,39.45775272713398,-71.02054287796796
cp_379-20200302T0944,190,2020-03-16T00:37:20Z,39.464223717988666,-71.01345805755699
cp_379-20200302T0944,191,2020-03-16T02:23:07Z,39.47860138641233,-71.00315520120824
cp_379-20200302T0944,192,2020-03-16T04:04:43Z,39.48950855581447,-70.99532441291953
cp_379-20200302T0944,193,2020-03-16T05:47:20Z,39.502914561648744,-70.98569958821803
cp_379-20200302T0944,194,2020-03-16T07:54:40Z,39.514567820713765,-70.97813606472295
cp_379-20200302T0944,195,2020-03-16T09:42:51Z,39.524531853850455,-70.96277279549635
cp_379-20200302T0944,196,2020-03-16T11:25:43Z,39.532444438579326,-70.95054678829842
cp_379-20200302T0944,197,2020-03-16T13:09:15Z,39.542646876587185,-70.9347826499297
cp_379-20200302T0944,198,2020-03-16T15:14:42Z,39.55183126743501,-70.92760477574875
cp_379-20200302T0944,199,2020-03-16T17:00:51Z,39.5653594854304,-70.9158566286733
cp_379-20200302T0944,200,2020-03-16T18:46:03Z,39.5765466801252,-70.90609381407172
cp_379-20200302T0944,201,2020-03-16T20:30:12Z,39.58904064891776,-70.89519060694182
cp_379-20200302T0944,202,2020-03-16T22:35:14Z,39.600251142090485,-70.89086686562496
cp_379-20200302T0944,203,2020-03-17T00:23:20Z,39.61192704880235,-70.87861500096469
cp_379-20200302T0944,204,2020-03-17T02:07:35Z,39.62187277196238,-70.86816637616722
cp_379-20200302T0944,205,2020-03-17T03:53:48Z,39.63333363272,-70.8561260014267
cp_379-20200302T0944,206,2020-03-17T06:04:09Z,39.64583860560331,-70.85079533202283
cp_379-20200302T0944,207,2020-03-17T07:44:47Z,39.65694847569031,-70.83734375750208
cp_379-20200302T0944,208,2020-03-17T09:15:56Z,39.66483855815969,-70.82776447777873
cp_379-20200302T0944,209,2020-03-17T10:56:25Z,39.67556919902822,-70.81473650108907
cp_379-20200302T0944,210,2020-03-17T13:04:24Z,39.685798847176564,-70.80854430856527
cp_379-20200302T0944,211,2020-03-17T14:51:34Z,39.696317896120135,-70.79407525480752
cp_379-20200302T0944,212,2020-03-17T16:35:13Z,39.704322529717444,-70.7830491195399
cp_379-20200302T0944,213,2020-03-17T18:19:25Z,39.71358771867425,-70.7702866082424
cp_379-20200302T0944,214,2020-03-17T20:16:07Z,39.72283400876136,-70.75698705839353
cp_379-20200302T0944,215,2020-03-17T22:04:23Z,39.731188884285636,-70.74180938489621
cp_379-20200302T0944,216,2020-03-17T23:44:55Z,39.737736029484225,-70.72993639039305
cp_379-20200302T0944,217,2020-03-18T01:24:24Z,39.744755487575866,-70.71719757610197
cp_379-20200302T0944,218,2020-03-18T03:28:06Z,39.74713096487005,-70.70438270559092
cp_379-20200302T0944,219,2020-03-18T05:11:18Z,39.75711267552285,-70.6865773178504
cp_379-20200302T0944,220,2020-03-18T06:51:58Z,39.76463729736264,-70.67313818219779
cp_379-20200302T0944,221,2020-03-18T08:33:37Z,39.774538025999,-70.65545526895153
cp_379-20200302T0944,222,2020-03-18T10:37:09Z,39.78231726984494,-70.64331270282794
cp_379-20200302T0944,223,2020-03-18T12:22:25Z,39.79219273805601,-70.63137033976888
cp_379-20200302T0944,224,2020-03-18T14:04:02Z,39.80057786540689,-70.62122329635244
cp_379-20200302T0944,225,2020-03-18T15:50:06Z,39.81043637643276,-70.60929327606597
cp_379-20200302T0944,226,2020-03-18T17:47:01Z,39.818352402444425,-70.59733160690122
cp_379-20200302T0944,227,2020-03-18T19:28:18Z,39.82997801010855,-70.58383796361417
cp_379-20200302T0944,228,2020-03-18T21:31:11Z,39.830641016061854,-70.57190276275495
cp_379-20200302T0944,229,2020-03-18T23:13:21Z,39.817463603464866,-70.5534287713579
cp_379-20200302T0944,230,2020-03-19T01:12:13Z,39.807475326190804,-70.53940884685223
cp_379-20200302T0944,231,2020-03-19T02:56:48Z,39.792189002131344,-70.52520864527156
cp_379-20200302T0944,232,2020-03-19T04:37:36Z,39.77940631177634,-70.51334322438301
cp_379-20200302T0944,233,2020-03-19T06:21:08Z,39.76349738034337,-70.49857589746692
cp_379-20200302T0944,234,2020-03-19T08:28:46Z,39.753767609486175,-70.48521581691172
cp_379-20200302T0944,235,2020-03-19T10:14:30Z,39.741255147213245,-70.4701771420837
cp_379-20200302T0944,236,2020-03-19T11:59:04Z,39.7299776943892,-70.45662639897286
cp_379-20200302T0944,237,2020-03-19T13:42:52Z,39.7179426235585,-70.4421653184707
cp_379-20200302T0944,238,2020-03-19T15:50:06Z,39.71050530744566,-70.4305863756307
cp_379-20200302T0944,239,2020-03-19T17:37:54Z,39.69766819659854,-70.41731482005567
cp_379-20200302T0944,240,2020-03-19T19:22:24Z,39.685286617887286,-70.40457328566
cp_379-20200302T0944,241,2020-03-19T21:08:07Z,39.67097612332063,-70.3898467582121
cp_379-20200302T0944,242,2020-03-19T23:17:37Z,39.658729332203514,-70.37764856718904
cp_379-20200302T0944,243,2020-03-20T01:04:31Z,39.644310158789025,-70.36514224429551
cp_379-20200302T0944,244,2020-03-20T02:46:28Z,39.63364847731786,-70.35588974945725
cp_379-20200302T0944,245,2020-03-20T04:29:35Z,39.618413000861025,-70.34266799192712
cp_379-20200302T0944,246,2020-03-20T06:30:28Z,39.60626494030951,-70.3321039009918
cp_379-20200302T0944,247,2020-03-20T08:18:20Z,39.59427311725227,-70.3189277399195
cp_379-20200302T0944,248,2020-03-20T10:02:20Z,39.58410235917866,-70.3077343229989
cp_379-20200302T0944,249,2020-03-20T11:47:24Z,39.57248945640235,-70.29495375526808
cp_379-20200302T0944,250,2020-03-20T14:02:34Z,39.565323701496936,-70.27858510981557
cp_379-20200302T0944,251,2020-03-20T15:46:32Z,39.553715770424915,-70.26188537362476
cp_379-20200302T0944,252,2020-03-20T17:20:34Z,39.54537092135784,-70.24988642208066
cp_379-20200302T0944,253,2020-03-20T19:03:51Z,39.53403814994498,-70.23359117528227
cp_379-20200302T0944,254,2020-03-20T21:14:40Z,39.52497274799335,-70.21721806174331
cp_379-20200302T0944,255,2020-03-20T22:57:28Z,39.51334978008263,-70.20731624320277
cp_379-20200302T0944,256,2020-03-21T00:40:30Z,39.50307633930217,-70.19856741113665
cp_379-20200302T0944,257,2020-03-21T02:28:26Z,39.49087667669113,-70.1881782142037
cp_379-20200302T0944,258,2020-03-21T04:36:17Z,39.48126466750102,-70.17512755135776
cp_379-20200302T0944,259,2020-03-21T06:16:58Z,39.472757507560495,-70.16294842554072
cp_379-20200302T0944,260,2020-03-21T07:47:47Z,39.46519110829333,-70.15210127122785
cp_379-20200302T0944,261,2020-03-21T09:28:34Z,39.45591824588192,-70.13880773939755
cp_379-20200302T0944,262,2020-03-21T11:39:15Z,39.44467870012626,-70.12917228165898
cp_379-20200302T0944,263,2020-03-21T13:23:06Z,39.43556118154549,-70.11895080610492
cp_379-20200302T0944,264,2020-03-21T14:56:12Z,39.427583967782276,-70.10997588427851
cp_379-20200302T0944,265,2020-03-21T16:41:00Z,39.418176118892674,-70.09939139816028
cp_379-20200302T0944,266,2020-03-21T18:56:54Z,39.409826219692974,-70.09597621311487
cp_379-20200302T0944,267,2020-03-21T20:38:11Z,39.401765836277406,-70.08261418698665
cp_379-20200302T0944,268,2020-03-21T22:10:10Z,39.396301174032835,-70.07354151199064
cp_379-20200302T0944,269,2020-03-21T23:51:09Z,39.38853459274138,-70.06064708874285
cp_379-20200302T0944,270,2020-03-22T01:33:35Z,39.385529491551885,-70.05402397139629
cp_379-20200302T0944,271,2020-03-22T09:11:36Z,39.356005239003196,-70.01816021819351
cp_379-20200302T0944,272,2020-03-22T10:59:15Z,39.35248916688153,-70.01240674116565
cp_379-20200302T0944,273,2020-03-22T12:23:24Z,39.34987706800975,-70.00811218789482
cp_379-20200302T0944,274,2020-03-22T13:22:08Z,39.34795857699367,-70.00495799570201
cp_379-20200302T0944,275,2020-03-22T15:01:32Z,39.357608715521955,-70.00870550995184
cp_379-20200302T0944,276,2020-03-22T16:50:14Z,39.38273483259779,-70.0032646794887
cp_379-20200302T0944,277,2020-03-22T18:52:12Z,39.40419306990436,-70.002982354676
cp_379-20200302T0944,278,2020-03-22T20:37:08Z,39.42894255130293,-69.99784732598282
cp_379-20200302T0944,279,2020-03-22T22:19:24Z,39.44798932242434,-69.99386971380143
cp_379-20200302T0944,280,2020-03-23T00:01:44Z,39.47136240011805,-69.98898862199022
cp_379-20200302T0944,281,2020-03-23T02:03:01Z,39.48925462858639,-69.9869238136883
cp_379-20200302T0944,282,2020-03-23T03:49:13Z,39.51539772149411,-69.98554318843958
cp_379-20200302T0944,283,2020-03-23T05:28:04Z,39.53268713117596,-69.98462980370968
cp_379-20200302T0944,284,2020-03-23T07:08:24Z,39.554555583810405,-69.98347451205595
cp_379-20200302T0944,285,2020-03-23T09:18:31Z,39.57630244392585,-69.98816281953037
cp_379-20200302T0944,286,2020-03-23T11:05:49Z,39.59777321928491,-69.99042300004723
cp_379-20200302T0944,287,2020-03-23T12:51:05Z,39.61544553713515,-69.99227824410777
cp_379-20200302T0944,288,2020-03-23T14:36:13Z,39.63857592111372,-69.9947064772268
cp_379-20200302T0944,289,2020-03-23T16:35:33Z,39.65782215815965,-69.99667419195173
cp_379-20200302T0944,290,2020-03-23T18:19:58Z,39.67740851579038,-69.99571327185845
cp_379-20200302T0944,291,2020-03-23T19:59:52Z,39.69401206113241,-69.99487454596509
cp_379-20200302T0944,292,2020-03-23T21:41:17Z,39.71294484430986,-69.99391815893102
cp_379-20200302T0944,293,2020-03-23T23:40:42Z,39.73206883242919,-69.99409329704098
cp_379-20200302T0944,294,2020-03-24T01:27:57Z,39.751490752762116,-69.99682330402031
cp_379-20200302T0944,295,2020-03-24T03:12:25Z,39.76840782030392,-69.99921855853901
cp_379-20200302T0944,296,2020-03-24T04:58:24Z,39.78767024479477,-70.00194588756271
cp_379-20200302T0944,297,2020-03-24T07:28:33Z,39.80525940043728,-69.99512618682098
cp_379-20200302T0944,298,2020-03-24T09:13:46Z,39.822067618430296,-70.00575829437388
cp_379-20200302T0944,299,2020-03-24T11:14:34Z,39.81868517997212,-70.01215020259141
cp_379-20200302T0944,300,2020-03-24T13:03:02Z,39.80405981212934,-70.0278495862426
cp_379-20200302T0944,301,2020-03-24T15:06:07Z,39.78904704876603,-70.03853461121562
cp_379-20200302T0944,302,2020-03-24T16:52:19Z,39.77158831509195,-70.05626068349467
cp_379-20200302T0944,303,2020-03-24T18:33:34Z,39.75966661952377,-70.0683707092281
cp_379-20200302T0944,304,2020-03-24T20:15:38Z,39.745226376736866,-70.08303906833416
cp_379-20200302T0944,305,2020-03-24T22:21:35Z,39.736979063652385,-70.09679997067806
cp_379-20200302T0944,306,2020-03-25T00:08:03Z,39.722218213800126,-70.11647436771905
cp_379-20200302T0944,307,2020-03-25T01:53:23Z,39.710998469222076,-70.13138600917401
cp_379-20200302T0944,308,2020-03-25T03:39:22Z,39.69717393697378,-70.14975955295081
cp_379-20200302T0944,309,2020-03-25T05:45:58Z,39.68606113295108,-70.16528623910028
cp_379-20200302T0944,310,2020-03-25T07:34:01Z,39.672271630696684,-70.18360903903032
cp_379-20200302T0944,311,2020-03-25T09:22:10Z,39.66013307346449,-70.19974054272043
cp_379-20200302T0944,312,2020-03-25T11:09:36Z,39.64647573352802,-70.21789042868863
cp_379-20200302T0944,313,2020-03-25T13:18:50Z,39.63451708048476,-70.24104268746672
cp_379-20200302T0944,314,2020-03-25T15:07:00Z,39.618352906261954,-70.26337269760643
cp_379-20200302T0944,315,2020-03-25T16:53:36Z,39.60556504888598,-70.28100761088487
cp_379-20200302T0944,316,2020-03-25T18:40:28Z,39.590033152585164,-70.30242665210982
cp_379-20200302T0944,317,2020-03-25T20:47:41Z,39.5800048236731,-70.32322447614108
cp_379-20200302T0944,318,2020-03-25T22:34:36Z,39.56655841453473,-70.3392940782534
cp_379-20200302T0944,319,2020-03-26T00:16:29Z,39.55578347010818,-70.35213724126699
cp_379-20200302T0944,320,2020-03-26T02:00:08Z,39.541522312573115,-70.36913578564314
cp_379-20200302T0944,321,2020-03-26T04:05:17Z,39.525997519562324,-70.38978711845932
cp_379-20200302T0944,322,2020-03-26T05:51:58Z,39.50651686150853,-70.4082085484959
cp_379-20200302T0944,323,2020-03-26T07:37:55Z,39.49128738397651,-70.4225856340934
cp_379-20200302T0944,324,2020-03-26T09:22:40Z,39.47292011189775,-70.43992489227305
cp_379-20200302T0944,325,2020-03-26T11:28:37Z,39.457292541925106,-70.45994364861241
cp_379-20200302T0944,326,2020-03-26T13:13:51Z,39.440927711666745,-70.47581493783724
cp_379-20200302T0944,327,2020-03-26T14:53:54Z,39.42827852731207,-70.48807197135646
cp_379-20200302T0944,328,2020-03-26T16:37:04Z,39.41034861454799,-70.5054460197997
cp_379-20200302T0944,329,2020-03-26T18:43:16Z,39.391981297884215,-70.52273415907858
cp_379-20200302T0944,330,2020-03-26T20:30:10Z,39.3732580358148,-70.53809736929371
cp_379-20200302T0944,331,2020-03-26T22:13:46Z,39.35698793421012,-70.55144413273253
cp_379-20200302T0944,332,2020-03-26T23:58:13Z,39.33847750065293,-70.56662869542555
cp_379-20200302T0944,333,2020-03-27T01:23:53Z,39.33242833390117,-70.57952394375148
cp_379-20200302T0944,334,2020-03-27T01:46:37Z,39.33603181418033,-70.58662120690822
cp_379-20200302T0944,335,2020-03-27T03:04:16Z,39.344770460100854,-70.59409031164223
cp_379-20200302T0944,336,2020-03-27T04:50:33Z,39.36272469996746,-70.60262070166999
cp_379-20200302T0944,337,2020-03-27T06:32:04Z,39.37624399595618,-70.60902446303508
cp_379-20200302T0944,338,2020-03-27T08:14:41Z,39.392993878510985,-70.61695847460373
cp_379-20200302T0944,339,2020-03-27T10:20:44Z,39.407327751107914,-70.62645267485497
cp_379-20200302T0944,340,2020-03-27T12:07:01Z,39.42347658460922,-70.64344708672574
cp_379-20200302T0944,341,2020-03-27T13:50:22Z,39.43763618714102,-70.65834163674876
cp_379-20200302T0944,342,2020-03-27T15:34:11Z,39.45337708211948,-70.67489955545712
cp_379-20200302T0944,343,2020-03-27T17:42:30Z,39.46343171581077,-70.69308425379846
cp_379-20200302T0944,344,2020-03-27T19:30:41Z,39.48121594853354,-70.71534292415484
cp_379-20200302T0944,345,2020-03-27T21:15:40Z,39.49508149814357,-70.73262977139304
cp_379-20200302T0944,346,2020-03-27T23:00:27Z,39.51002128108308,-70.75125591696317
cp_379-20200302T0944,347,2020-03-28T01:04:11Z,39.52408719226364,-70.76840173927792
cp_379-20200302T0944,348,2020-03-28T02:46:09Z,39.54038225091279,-70.78602486055159
cp_379-20200302T0944,349,2020-03-28T04:21:26Z,39.553497624601455,-70.80020818689594
cp_379-20200302T0944,350,2020-03-28T06:06:52Z,39.56990072086392,-70.81794694698553
cp_379-20200302T0944,351,2020-03-28T08:21:02Z,39.58319745138859,-70.83388363412051
cp_379-20200302T0944,352,2020-03-28T10:04:57Z,39.599637586301334,-70.85298585996975
cp_379-20200302T0944,353,2020-03-28T11:36:52Z,39.61098062086524,-70.86616598915913
cp_379-20200302T0944,354,2020-03-28T13:16:52Z,39.62617942061107,-70.88382635535527
cp_379-20200302T0944,355,2020-03-28T15:26:14Z,39.63951335072697,-70.90423050074003
cp_379-20200302T0944,356,2020-03-28T17:06:55Z,39.6520921142605,-70.92300347507006
cp_379-20200302T0944,357,2020-03-28T18:35:25Z,39.66224032832797,-70.93814548868373
cp_379-20200302T0944,358,2020-03-28T20:11:33Z,39.67386730875421,-70.95549394967692
cp_379-20200302T0944,359,2020-03-28T22:17:05Z,39.68874910045606,-70.97254974713024
cp_379-20200302T0944,360,2020-03-28T23:57:17Z,39.70460836337195,-70.98853837491048
cp_379-20200302T0944,361,2020-03-29T01:25:52Z,39.715940946598515,-70.99996931389026
cp_379-20200302T0944,362,2020-03-29T03:03:59Z,39.73225060260263,-71.01642052177793
cp_379-20200302T0944,363,2020-03-29T05:12:53Z,39.746633851402585,-71.0385008287231
cp_379-20200302T0944,364,2020-03-29T06:55:29Z,39.757468565908084,-71.05938101139135
cp_379-20200302T0944,365,2020-03-29T08:29:09Z,39.766124579273175,-71.07606053768282
cp_379-20200302T0944,366,2020-03-29T10:13:44Z,39.77866660983866,-71.10022814461013
cp_379-20200302T0944,367,2020-03-29T12:25:27Z,39.786030192805576,-71.12007037240608
cp_379-20200302T0944,368,2020-03-29T14:07:43Z,39.798285389107484,-71.136656989944
cp_379-20200302T0944,369,2020-03-29T15:41:41Z,39.80769570733317,-71.14937465311988
cp_379-20200302T0944,370,2020-03-29T17:24:57Z,39.82010626661867,-71.166147020327
cp_379-20200302T0944,371,2020-03-29T19:30:54Z,39.817552715821854,-71.17281239185805
cp_379-20200302T0944,372,2020-03-29T21:16:32Z,39.79994262822836,-71.17214137577693
cp_379-20200302T0944,373,2020-03-29T23:03:05Z,39.78457732767055,-71.17157488262396
cp_379-20200302T0944,374,2020-03-30T00:44:43Z,39.766243649676376,-71.17089895031704
cp_379-20200302T0944,375,2020-03-30T02:48:59Z,39.745457844613895,-71.16758846972914
cp_379-20200302T0944,376,2020-03-30T04:34:13Z,39.7257384180783,-71.16206279471264
cp_379-20200302T0944,377,2020-03-30T06:18:08Z,39.708062549056166,-71.15711137883427
cp_379-20200302T0944,378,2020-03-30T08:04:26Z,39.68675103960034,-71.15114153677563
cp_379-20200302T0944,379,2020-03-30T10:10:54Z,39.661510003528385,-71.14881412117866
cp_379-20200302T0944,380,2020-03-30T11:56:30Z,39.63989024914009,-71.15007872134723
cp_379-20200302T0944,381,2020-03-30T13:40:07Z,39.62069493713971,-71.15121065730952
cp_379-20200302T0944,382,2020-03-30T15:25:22Z,39.5985412889136,-71.15251704457336
cp_379-20200302T0944,383,2020-03-30T17:30:13Z,39.57380914204457,-71.1547244444366
cp_379-20200302T0944,384,2020-03-30T19:14:54Z,39.54998676740605,-71.1537899643724
cp_379-20200302T0944,385,2020-03-30T20:57:28Z,39.53202959171369,-71.15306984824974
cp_379-20200302T0944,386,2020-03-30T22:40:14Z,39.5086137004744,-71.15213082748744
cp_379-20200302T0944,387,2020-03-31T00:40:08Z,39.485691559977305,-71.15468460397447
cp_379-20200302T0944,388,2020-03-31T02:23:54Z,39.46392927513968,-71.15738123928699
cp_379-20200302T0944,389,2020-03-31T04:04:00Z,39.44659405612851,-71.15951449798074
cp_379-20200302T0944,390,2020-03-31T05:45:38Z,39.425191090248234,-71.16214833046973
cp_379-20200302T0944,391,2020-03-31T07:56:43Z,39.40174997014969,-71.16527438224152
cp_379-20200302T0944,392,2020-03-31T09:44:47Z,39.38138491444876,-71.16301603218717
cp_379-20200302T0944,393,2020-03-31T11:27:35Z,39.365868735899,-71.16128780503077
cp_379-20200302T0944,394,2020-03-31T13:10:37Z,39.34643316078251,-71.15912302659588
cp_379-20200302T0944,395,2020-03-31T14:39:54Z,39.33522986922106,-71.16268536338531
cp_379-20200302T0944,396,2020-03-31T15:04:38Z,39.33215202630447,-71.1643617171652
cp_379-20200302T0944,397,2020-03-31T16:17:52Z,39.33389001562734,-71.16364535015785
cp_379-20200302T0944,398,2020-03-31T18:07:07Z,39.34414128542898,-71.15620420497173
cp_379-20200302T0944,399,2020-03-31T19:49:32Z,39.35165360829768,-71.15074977718183
cp_379-20200302T0944,400,2020-03-31T21:33:10Z,39.361133299114876,-71.14386691419303
cp_379-20200302T0944,401,2020-03-31T23:42:36Z,39.370083845126494,-71.13848898078916
cp_379-20200302T0944,402,2020-04-01T01:29:52Z,39.38223919796885,-71.12617071753968
cp_379-20200302T0944,403,2020-04-01T03:12:17Z,39.39239924948666,-71.11586145656702
cp_379-20200302T0944,404,2020-04-01T04:54:37Z,39.40389460776493,-71.10419727865833
cp_379-20200302T0944,405,2020-04-01T07:03:09Z,39.41076506717566,-71.09397675941814
cp_379-20200302T0944,406,2020-04-01T08:50:00Z,39.4196219525509,-71.07762578504938
cp_379-20200302T0944,407,2020-04-01T10:32:32Z,39.426367778216864,-71.06518606365331
cp_379-20200302T0944,408,2020-04-01T12:16:34Z,39.4347806787369,-71.04967215271282
cp_379-20200302T0944,409,2020-04-01T14:21:25Z,39.44164316405793,-71.042268170728
cp_379-20200302T0944,410,2020-04-01T16:05:38Z,39.45700497770324,-71.03158899051986
cp_379-20200302T0944,411,2020-04-01T17:45:57Z,39.46874910242303,-71.02341903680657
cp_379-20200302T0944,412,2020-04-01T19:27:51Z,39.48326489059258,-71.01332093922271
cp_379-20200302T0944,413,2020-04-01T21:33:51Z,39.49417084200204,-71.00403854903315
cp_379-20200302T0944,414,2020-04-01T23:20:35Z,39.50767065190507,-70.98768500303771
cp_379-20200302T0944,415,2020-04-02T01:01:56Z,39.518005658523734,-70.97510274086444
cp_379-20200302T0944,416,2020-04-02T02:47:04Z,39.53119865838941,-70.95904104015281
cp_379-20200302T0944,417,2020-04-02T04:57:42Z,39.54163552427737,-70.95339369250327
cp_379-20200302T0944,418,2020-04-02T06:45:29Z,39.558979730139335,-70.94147196264844
cp_379-20200302T0944,419,2020-04-02T08:29:54Z,39.57233936309575,-70.93222041963757
cp_379-20200302T0944,420,2020-04-02T10:12:53Z,39.58852608613778,-70.92101111733736
cp_379-20200302T0944,421,2020-04-02T12:19:15Z,39.59925068417542,-70.91176933474102
cp_379-20200302T0944,422,2020-04-02T14:03:57Z,39.61060862419161,-70.89833860859568
cp_379-20200302T0944,423,2020-04-02T15:37:32Z,39.61892466425475,-70.88850356151329
cp_379-20200302T0944,424,2020-04-02T17:18:39Z,39.62925530141847,-70.87628593123193
cp_379-20200302T0944,425,2020-04-02T19:15:48Z,39.638746012658316,-70.86373819533013
cp_379-20200302T0944,426,2020-04-02T21:00:07Z,39.64896460510436,-70.84864719429682
cp_379-20200302T0944,427,2020-04-02T22:35:01Z,39.657001613429195,-70.83675202641228
cp_379-20200302T0944,428,2020-04-03T00:17:09Z,39.66765309510332,-70.82098730929219
cp_379-20200302T0944,429,2020-04-03T02:11:15Z,39.67616747495881,-70.80942578669898
cp_379-20200302T0944,430,2020-04-03T03:48:35Z,39.68794784563398,-70.79540219365553
cp_379-20200302T0944,431,2020-04-03T05:20:35Z,39.69736678462594,-70.78418539402794
cp_379-20200302T0944,432,2020-04-03T07:01:04Z,39.70891520987534,-70.77043263778354
cp_379-20200302T0944,433,2020-04-03T08:49:41Z,39.71795669239814,-70.75830893756674
cp_379-20200302T0944,434,2020-04-03T10:32:01Z,39.729785733563205,-70.74160332146356
cp_379-20200302T0944,435,2020-04-03T12:07:00Z,39.73843058544837,-70.72937652611799
cp_379-20200302T0944,436,2020-04-03T13:45:27Z,39.749516449770056,-70.71369729921041
cp_379-20200302T0944,437,2020-04-03T15:40:55Z,39.75832622254174,-70.6989991502074
cp_379-20200302T0944,438,2020-04-03T17:24:40Z,39.76887912707683,-70.6839975023196
cp_379-20200302T0944,439,2020-04-03T19:02:58Z,39.778330224821026,-70.67057686071419
cp_379-20200302T0944,440,2020-04-03T20:47:29Z,39.79017656221756,-70.65375495781588
cp_379-20200302T0944,441,2020-04-03T22:37:52Z,39.79796494034874,-70.63959106840957
cp_379-20200302T0944,442,2020-04-04T00:17:49Z,39.808710084616656,-70.61695625084363
cp_379-20200302T0944,443,2020-04-04T01:52:10Z,39.81675615543271,-70.60000701663121
cp_379-20200302T0944,444,2020-04-04T03:25:31Z,39.826628800276126,-70.57921006199672
cp_379-20200302T0944,445,2020-04-04T04:53:09Z,39.83082799473521,-70.57018504956734
cp_379-20200302T0944,446,2020-04-04T05:51:24Z,39.83002151169397,-70.56906826831943
cp_379-20200302T0944,447,2020-04-04T07:09:47Z,39.82387377438512,-70.5634488365913
cp_379-20200302T0944,448,2020-04-04T08:51:27Z,39.81135958959118,-70.55352745607796
cp_379-20200302T0944,449,2020-04-04T10:29:54Z,39.79940406415493,-70.54405482185817
cp_379-20200302T0944,450,2020-04-04T12:11:21Z,39.78556786262595,-70.53309208527465
cp_379-20200302T0944,451,2020-04-04T13:59:54Z,39.77405085939936,-70.52074282675845
cp_379-20200302T0944,452,2020-04-04T15:39:38Z,39.76073211296757,-70.50351007925829
cp_379-20200302T0944,453,2020-04-04T17:16:07Z,39.75041030666389,-70.49017824112786
cp_379-20200302T0944,454,2020-04-04T18:55:56Z,39.73725633789046,-70.47318832896514
cp_379-20200302T0944,455,2020-04-04T20:42:47Z,39.724497050930765,-70.46164086830053
cp_379-20200302T0944,456,2020-04-04T22:21:39Z,39.70875291832145,-70.4480354642474
cp_379-20200302T0944,457,2020-04-04T23:55:54Z,39.696933200577334,-70.43780216611243
cp_379-20200302T0944,458,2020-04-05T01:30:56Z,39.68222376861278,-70.42506700559947
cp_379-20200302T0944,459,2020-04-05T03:17:19Z,39.66787179715084,-70.41291147801779
cp_379-20200302T0944,460,2020-04-05T04:59:04Z,39.65126984610573,-70.39969742887801
cp_379-20200302T0944,461,2020-04-05T06:37:38Z,39.63683078009861,-70.3882083164752
cp_379-20200302T0944,462,2020-04-05T08:20:40Z,39.619839165804635,-70.37468815066721
cp_379-20200302T0944,463,2020-04-05T10:12:50Z,39.602948490805126,-70.36048075884719
cp_379-20200302T0944,464,2020-04-05T11:53:58Z,39.58265821034443,-70.34113832923926
cp_379-20200302T0944,465,2020-04-05T13:30:15Z,39.567289656581025,-70.3264867068218
cp_379-20200302T0944,466,2020-04-05T15:08:55Z,39.54792223983119,-70.30802276533527
cp_379-20200302T0944,467,2020-04-05T16:56:22Z,39.52928665090473,-70.29393457029093
cp_379-20200302T0944,468,2020-04-05T18:40:04Z,39.50910536945944,-70.2781708101393
cp_379-20200302T0944,469,2020-04-05T20:18:58Z,39.492103681827686,-70.26487054752637
cp_379-20200302T0944,470,2020-04-05T21:59:32Z,39.47248652874692,-70.2495242305405
cp_379-20200302T0944,471,2020-04-05T23:55:28Z,39.4553043437649,-70.23694415362051
cp_379-20200302T0944,472,2020-04-06T01:39:14Z,39.442864560255884,-70.22067746555742
cp_379-20200302T0944,473,2020-04-06T03:11:13Z,39.43322712869051,-70.20803001944557
cp_379-20200302T0944,474,2020-04-06T04:52:19Z,39.42051454786271,-70.19134697688688
cp_379-20200302T0944,475,2020-04-06T06:48:46Z,39.40872123082848,-70.18085960227648
cp_379-20200302T0944,476,2020-04-06T08:31:32Z,39.395077253054886,-70.16701657962079
cp_379-20200302T0944,477,2020-04-06T10:03:28Z,39.38505830743358,-70.15682388499465
cp_379-20200302T0944,478,2020-04-06T11:42:11Z,39.371581705458816,-70.1431135711833
cp_379-20200302T0944,479,2020-04-06T14:47:00Z,39.339502428333894,-70.13629775667533
cp_379-20200302T0944,480,2020-04-06T16:24:37Z,39.33686815304932,-70.12609770288479
cp_379-20200302T0944,481,2020-04-06T17:57:03Z,39.33478707741228,-70.11794326905468
cp_379-20200302T0944,482,2020-04-06T19:37:16Z,39.332233385066715,-70.10793694593809
cp_379-20200302T0944,483,2020-04-06T22:23:37Z,39.31875998842564,-70.10976263285427
cp_379-20200302T0944,484,2020-04-07T00:07:27Z,39.32365515397581,-70.09960216551075
cp_379-20200302T0944,485,2020-04-07T01:53:49Z,39.32815720919898,-70.0903409240661
cp_379-20200302T0944,486,2020-04-07T03:35:33Z,39.33301133313178,-70.0803554371017
cp_379-20200302T0944,487,2020-04-07T05:34:45Z,39.333970853345484,-70.07681731075064
cp_379-20200302T0944,488,2020-04-07T07:20:03Z,39.334477151016635,-70.06759571733814
cp_379-20200302T0944,489,2020-04-07T09:06:00Z,39.33486794731542,-70.06036579517817
cp_379-20200302T0944,490,2020-04-07T10:49:10Z,39.33533561848012,-70.05171365049908
cp_379-20200302T0944,491,2020-04-07T12:57:09Z,39.33494526063506,-70.04792580657666
cp_379-20200302T0944,492,2020-04-07T14:44:23Z,39.338256892458105,-70.03881228061196
cp_379-20200302T0944,493,2020-04-07T16:23:17Z,39.34067310441778,-70.03217922444415
cp_379-20200302T0944,494,2020-04-07T18:08:05Z,39.34381453098715,-70.02355528779064
cp_379-20200302T0944,495,2020-04-07T20:11:01Z,39.3426646156845,-70.01896402113573
cp_379-20200302T0944,496,2020-04-07T21:57:01Z,39.337286251620135,-70.01170504851852
cp_379-20200302T0944,497,2020-04-08T00:03:07Z,39.345193167537076,-70.01334217829412
cp_379-20200302T0944,498,2020-04-08T01:49:27Z,39.36377469179799,-70.01315328351474
cp_379-20200302T0944,499,2020-04-08T03:45:21Z,39.38069631183628,-70.01350882485944
cp_379-20200302T0944,500,2020-04-08T05:28:26Z,39.3966963875666,-70.01094513020004
cp_379-20200302T0944,501,2020-04-08T07:07:58Z,39.409300601153596,-70.00891729518295
cp_379-20200302T0944,502,2020-04-08T08:52:10Z,39.42575649127366,-70.00626978131841
cp_379-20200302T0944,503,2020-04-08T11:00:32Z,39.437427049387566,-70.00634862298119
cp_379-20200302T0944,504,2020-04-08T12:46:21Z,39.452385635305745,-70.01029757741982
cp_379-20200302T0944,505,2020-04-08T14:31:22Z,39.465429951260305,-70.01373209017986
cp_379-20200302T0944,506,2020-04-08T16:17:11Z,39.48052148126514,-70.01770562566847
cp_379-20200302T0944,507,2020-04-08T18:24:31Z,39.49198265645783,-70.02121258747097
cp_379-20200302T0944,508,2020-04-08T20:13:20Z,39.50612025068694,-70.01880636391004
cp_379-20200302T0944,509,2020-04-08T22:00:00Z,39.51776168733914,-70.01684442184826
cp_379-20200302T0944,510,2020-04-08T23:43:53Z,39.53166469741267,-70.01450133473078
cp_379-20200302T0944,511,2020-04-09T01:46:54Z,39.54053185610888,-70.02058503693337
cp_379-20200302T0944,512,2020-04-09T03:26:21Z,39.55807575337766,-70.02069220590775
cp_379-20200302T0944,513,2020-04-09T04:58:19Z,39.57103442506609,-70.02075156070991
cp_379-20200302T0944,514,2020-04-09T06:39:47Z,39.58863119735054,-70.02083215947518
cp_379-20200302T0944,515,2020-04-09T08:47:13Z,39.60551490084396,-70.02034716764325
cp_379-20200302T0944,516,2020-04-09T10:32:00Z,39.62259384379412,-70.01556845311467
cp_379-20200302T0944,517,2020-04-09T12:13:37Z,39.63881465238896,-70.01103752644215
cp_379-20200302T0944,518,2020-04-09T13:54:55Z,39.65605182174875,-70.00622270170919
cp_379-20200302T0944,519,2020-04-09T15:58:43Z,39.67540630753958,-70.00725041856789
cp_379-20200302T0944,520,2020-04-09T17:45:53Z,39.699048899356185,-70.00548341039593
cp_379-20200302T0944,521,2020-04-09T19:28:13Z,39.716814307142904,-70.00414439978566
cp_379-20200302T0944,522,2020-04-09T21:11:45Z,39.7388861228624,-70.00248080749489
cp_379-20200302T0944,523,2020-04-09T23:18:15Z,39.7602913361053,-69.99496414607971
cp_379-20200302T0944,524,2020-04-10T01:04:24Z,39.78139869510949,-69.99173209113141
cp_379-20200302T0944,525,2020-04-10T02:46:15Z,39.79801056898463,-69.98919934392069
cp_379-20200302T0944,526,2020-04-10T04:29:21Z,39.81956922479736,-69.98591238028328
cp_379-20200302T0944,527,2020-04-10T06:35:48Z,39.8242246587579,-69.98651977873624
cp_379-20200302T0944,528,2020-04-10T08:11:00Z,39.81771671658968,-70.00148178967903
cp_379-20200302T0944,529,2020-04-10T10:00:38Z,39.8099420547885,-70.01455678948686
cp_379-20200302T0944,530,2020-04-10T11:45:21Z,39.79882303362157,-70.03223719838797
cp_379-20200302T0944,531,2020-04-10T13:51:50Z,39.791143958444394,-70.04881084205263
cp_379-20200302T0944,532,2020-04-10T15:40:32Z,39.782792970954326,-70.06488832299762
cp_379-20200302T0944,533,2020-04-10T16:44:17Z,39.77894175492035,-70.07229114063755
cp_379-20200302T0944,534,2020-04-10T17:16:29Z,39.77651126446296,-70.07696303581893
cp_379-20200302T0944,535,2020-04-10T17:59:11Z,39.776678115747956,-70.07826437400432
cp_379-20200302T0944,536,2020-04-10T18:30:31Z,39.77378669740037,-70.08162475549175
cp_379-20200302T0944,537,2020-04-10T19:35:25Z,39.76809291705902,-70.088194031966
cp_379-20200302T0944,538,2020-04-10T21:12:18Z,39.75864687349298,-70.09909253314676
cp_379-20200302T0944,539,2020-04-10T23:10:11Z,39.75104077569408,-70.10378436055484
cp_379-20200302T0944,540,2020-04-11T00:55:23Z,39.73805308759632,-70.11737879663025
cp_379-20200302T0944,541,2020-04-11T02:35:27Z,39.7272875018187,-70.12864678643884
cp_379-20200302T0944,542,2020-04-11T04:16:32Z,39.71445145892142,-70.14208185662795
cp_379-20200302T0944,543,2020-04-11T06:20:21Z,39.703381276384555,-70.15303625942492
cp_379-20200302T0944,544,2020-04-11T07:52:52Z,39.69080670801907,-70.16298230218705
cp_379-20200302T0944,545,2020-04-11T09:19:02Z,39.68040264953416,-70.17120376587789
cp_379-20200302T0944,546,2020-04-11T10:56:55Z,39.66707503945225,-70.18173546968681
cp_379-20200302T0944,547,2020-04-11T13:04:02Z,39.65266562256278,-70.18799333853609
cp_379-20200302T0944,548,2020-04-11T14:46:54Z,39.63616464529308,-70.20259675984467
cp_379-20200302T0944,549,2020-04-11T16:22:15Z,39.6250481191439,-70.21246131894647
cp_379-20200302T0944,550,2020-04-11T18:05:21Z,39.608024869647544,-70.2275673735275
cp_379-20200302T0944,551,2020-04-11T20:15:39Z,39.58902172231518,-70.23774068237329
cp_379-20200302T0944,552,2020-04-11T22:00:32Z,39.57369882535701,-70.25587370930697
cp_379-20200302T0944,553,2020-04-11T23:41:39Z,39.56163578349846,-70.27016634059106
cp_379-20200302T0944,554,2020-04-12T01:25:37Z,39.54638408784749,-70.28823697857382
cp_379-20200302T0944,555,2020-04-12T03:28:41Z,39.52802021533708,-70.30604539349329
cp_379-20200302T0944,556,2020-04-12T05:12:22Z,39.51220245248846,-70.3263627703693
cp_379-20200302T0944,557,2020-04-12T06:56:22Z,39.49836087249909,-70.344154505912
cp_379-20200302T0944,558,2020-04-12T08:42:36Z,39.48201583636342,-70.3651641421374
cp_379-20200302T0944,559,2020-04-12T10:49:29Z,39.469351493847725,-70.38357476464947
cp_379-20200302T0944,560,2020-04-12T12:35:11Z,39.45800617595973,-70.40669818308646
cp_379-20200302T0944,561,2020-04-12T14:16:48Z,39.448288464528545,-70.42651437761491
cp_379-20200302T0944,562,2020-04-12T16:00:58Z,39.43597400926071,-70.4516258087196
cp_379-20200302T0944,563,2020-04-12T18:07:45Z,39.425099087437694,-70.47222351504007
cp_379-20200302T0944,564,2020-04-12T19:53:26Z,39.40605381904411,-70.49528504203373
cp_379-20200302T0944,565,2020-04-12T21:36:23Z,39.39150254958927,-70.51289295224669
cp_379-20200302T0944,566,2020-04-12T23:20:01Z,39.37358625431651,-70.5345727458544
cp_379-20200302T0944,567,2020-04-13T01:25:38Z,39.36346195870765,-70.54922625140301
cp_379-20200302T0944,568,2020-04-13T03:14:38Z,39.344931287427144,-70.570080643206
cp_379-20200302T0944,569,2020-04-13T04:14:41Z,39.33697007960562,-70.5790350835098
cp_379-20200302T0944,570,2020-04-13T04:28:59Z,39.33486589293115,-70.58140178645071
cp_379-20200302T0944,571,2020-04-13T05:49:57Z,39.33634990642049,-70.58461348027382
cp_379-20200302T0944,572,2020-04-13T07:39:09Z,39.34701970214087,-70.59990999556744
cp_379-20200302T0944,573,2020-04-13T09:41:58Z,39.35336439617792,-70.61184510057807
cp_379-20200302T0944,574,2020-04-13T11:29:32Z,39.3637008728552,-70.62629369402651
cp_379-20200302T0944,575,2020-04-13T13:11:17Z,39.37241469090477,-70.6384576513177
cp_379-20200302T0944,576,2020-04-13T14:56:38Z,39.38255563002371,-70.65261378237682
cp_379-20200302T0944,577,2020-04-13T17:08:34Z,39.39332665610883,-70.6600158570108
cp_379-20200302T0944,578,2020-04-13T18:48:26Z,39.40401114337182,-70.66983990871557
cp_379-20200302T0944,579,2020-04-13T20:17:13Z,39.411611992030565,-70.67685351127538
cp_379-20200302T0944,580,2020-04-13T21:53:35Z,39.42175054807408,-70.68620875643448
cp_379-20200302T0944,581,2020-04-13T23:45:17Z,39.430368341000644,-70.69374018385827
cp_379-20200302T0944,582,2020-04-14T01:27:33Z,39.440065363349134,-70.70620163931669
cp_379-20200302T0944,583,2020-04-14T03:00:27Z,39.447185210181416,-70.715358291733
cp_379-20200302T0944,584,2020-04-14T04:39:30Z,39.45666084644647,-70.72754466452251
cp_379-20200302T0944,585,2020-04-14T06:33:18Z,39.4616969892468,-70.73507828501154
cp_379-20200302T0944,586,2020-04-14T08:13:44Z,39.47151007175446,-70.74749769667135
cp_379-20200302T0944,587,2020-04-14T09:43:41Z,39.478428316652916,-70.75623728445777
cp_379-20200302T0944,588,2020-04-14T11:22:48Z,39.488339986517374,-70.76875836605609
cp_379-20200302T0944,589,2020-04-14T13:17:11Z,39.493712443076156,-70.77783200068242
cp_379-20200302T0944,590,2020-04-14T15:05:35Z,39.50479020365484,-70.79211845083908
cp_379-20200302T0944,591,2020-04-14T16:47:39Z,39.512533159625676,-70.80207503314404
cp_379-20200302T0944,592,2020-04-14T18:30:12Z,39.52210016267326,-70.81437713761338
cp_379-20200302T0944,593,2020-04-14T21:00:11Z,39.52293389801591,-70.82103497200097
cp_379-20200302T0944,594,2020-04-14T22:48:01Z,39.53327344073118,-70.83433855322245
cp_379-20200302T0944,595,2020-04-15T00:32:06Z,39.5411310036429,-70.84444428542366
cp_379-20200302T0944,596,2020-04-15T02:15:15Z,39.55061124267398,-70.85663696627499
cp_379-20200302T0944,597,2020-04-15T04:19:16Z,39.55675485065944,-70.86151266211832
cp_379-20200302T0944,598,2020-04-15T06:05:29Z,39.56546423172457,-70.87230139020524
cp_379-20200302T0944,599,2020-04-15T07:50:27Z,39.5722049403659,-70.88067110965486
cp_379-20200302T0944,600,2020-04-15T09:35:48Z,39.58054930632764,-70.89103203842377
cp_379-20200302T0944,601,2020-04-15T11:43:02Z,39.584226869595916,-70.9002740416838
cp_379-20200302T0944,602,2020-04-15T13:23:50Z,39.5929693050197,-70.91064126967207
cp_379-20200302T0944,603,2020-04-15T14:24:26Z,39.59754230234686,-70.9160595413032
cp_379-20200302T0944,604,2020-04-15T14:57:17Z,39.6004477806278,-70.91950206912863
cp_379-20200302T0944,605,2020-04-15T15:50:49Z,39.59988665894387,-70.91891730333232
cp_379-20200302T0944,606,2020-04-15T16:22:33Z,39.602548953116795,-70.91902982477747
cp_379-20200302T0944,607,2020-04-15T16:51:06Z,39.60465925654936,-70.91912043542258
cp_379-20200302T0944,608,2020-04-15T17:20:54Z,39.60718155613693,-70.9192287360533
cp_379-20200302T0944,609,2020-04-15T18:46:55Z,39.608257296560275,-70.92123453079518
cp_379-20200302T0944,610,2020-04-15T20:31:52Z,39.61590333087302,-70.93410622893514
cp_379-20200302T0944,611,2020-04-15T22:06:31Z,39.62207100320697,-70.94445254106172
cp_379-20200302T0944,612,2020-04-15T23:48:47Z,39.6296282952945,-70.95712994973974
cp_379-20200302T0944,613,2020-04-16T01:51:04Z,39.634892826241426,-70.96662945404873
cp_379-20200302T0944,614,2020-04-16T03:33:16Z,39.64647776632223,-70.97861914644068
cp_379-20200302T0944,615,2020-04-16T05:07:43Z,39.655248262372204,-70.98768946697498
cp_379-20200302T0944,616,2020-04-16T06:50:33Z,39.66621566438751,-70.99903179597675
cp_379-20200302T0944,617,2020-04-16T09:08:19Z,39.67028962695861,-71.00095002035745
cp_379-20200302T0944,618,2020-04-16T10:50:06Z,39.67832352589114,-71.0105580152722
cp_379-20200302T0944,619,2020-04-16T12:20:52Z,39.68428376238039,-71.01766872914072
cp_379-20200302T0944,620,2020-04-16T14:01:47Z,39.69290062307793,-71.02794886332256
cp_379-20200302T0944,621,2020-04-16T16:10:46Z,39.697799790746195,-71.03080511003408
cp_379-20200302T0944,622,2020-04-16T17:56:26Z,39.70957617345135,-71.04278447578632
cp_379-20200302T0944,623,2020-04-16T19:38:31Z,39.71863270517502,-71.05200328199604
cp_379-20200302T0944,624,2020-04-16T21:21:46Z,39.72995609208986,-71.06352956079574
cp_379-20200302T0944,625,2020-04-16T23:19:28Z,39.73586473417863,-71.06962919773002
cp_379-20200302T0944,626,2020-04-17T01:05:09Z,39.74694930737974,-71.0837445731583
cp_379-20200302T0944,627,2020-04-17T02:47:21Z,39.754443031917866,-71.09328488050834
cp_379-20200302T0944,628,2020-04-17T04:29:45Z,39.764147230585046,-71.10563935622994
cp_379-20200302T0944,629,2020-04-17T06:42:06Z,39.768698105191056,-71.11044775596227
cp_379-20200302T0944,630,2020-04-17T08:27:22Z,39.78231434695362,-71.1202407242848
cp_379-20200302T0944,631,2020-04-17T10:08:46Z,39.792513621976006,-71.12760584402193
cp_379-20200302T0944,632,2020-04-17T11:53:11Z,39.805512276882816,-71.13699245724685
cp_379-20200302T0944,633,2020-04-17T13:46:50Z,39.812556737512196,-71.14333800861974
cp_379-20200302T0944,634,2020-04-17T15:29:13Z,39.81879268175469,-71.15299499131783
cp_379-20200302T0944,635,2020-04-17T16:39:02Z,39.82236102057438,-71.15852132802577
cp_379-20200302T0944,636,2020-04-17T17:17:07Z,39.8245829495038,-71.161962460728
cp_379-20200302T0944,637,2020-04-17T18:52:17Z,39.81707913993289,-71.16328385103411
cp_379-20200302T0944,638,2020-04-17T20:36:25Z,39.79591250021264,-71.1630484731192
cp_379-20200302T0944,639,2020-04-17T22:39:46Z,39.78007754735767,-71.16194284402728
cp_379-20200302T0944,640,2020-04-18T00:26:47Z,39.7592999688522,-71.162970455975
cp_379-20200302T0944,641,2020-04-18T02:08:22Z,39.74249618290097,-71.16380117412187
cp_379-20200302T0944,642,2020-04-18T03:52:13Z,39.72378693409172,-71.1647260914319
cp_379-20200302T0944,643,2020-04-18T06:00:11Z,39.70462265876907,-71.16485970488473
cp_379-20200302T0944,644,2020-04-18T07:46:57Z,39.68099144413894,-71.16228244487235
cp_379-20200302T0944,645,2020-04-18T09:29:45Z,39.66285264619374,-71.16030701221969
cp_379-20200302T0944,646,2020-04-18T11:15:07Z,39.63975883037157,-71.15779194600707
cp_379-20200302T0944,647,2020-04-18T13:23:11Z,39.617797050349054,-71.1493295722041
cp_379-20200302T0944,648,2020-04-18T15:12:52Z,39.592658577014966,-71.15021630453103
cp_379-20200302T0944,649,2020-04-18T16:56:16Z,39.574177200551176,-71.15088736530546
cp_379-20200302T0944,650,2020-04-18T18:39:13Z,39.54946935769415,-71.1517845097468
cp_379-20200302T0944,651,2020-04-18T20:35:36Z,39.52626893943844,-71.15397424065262
cp_379-20200302T0944,652,2020-04-18T22:25:24Z,39.501779871339885,-71.16048153361106
cp_379-20200302T0944,653,2020-04-19T00:08:43Z,39.482816235358115,-71.16553520709334
cp_379-20200302T0944,654,2020-04-19T01:53:00Z,39.458871431332554,-71.17191632626577
cp_379-20200302T0944,655,2020-04-19T04:07:56Z,39.43295891529129,-71.17365932418495
cp_379-20200302T0944,656,2020-04-19T05:49:41Z,39.404176252746595,-71.17478524043034
cp_379-20200302T0944,657,2020-04-19T07:31:08Z,39.38008737229884,-71.17572502999562
cp_379-20200302T0944,658,2020-04-19T09:13:53Z,39.34946981882979,-71.17691952541135
cp_379-20200302T0944,659,2020-04-19T10:44:48Z,39.330785479830084,-71.1722815075617
cp_379-20200302T0944,660,2020-04-19T11:24:06Z,39.327292130639,-71.1663189685334
cp_379-20200302T0944,661,2020-04-19T12:42:33Z,39.32390797705438,-71.16083038405125
cp_379-20200302T0944,662,2020-04-19T14:27:46Z,39.330736731932596,-71.15366170315983
cp_379-20200302T0944,663,2020-04-19T16:15:48Z,39.33630676674821,-71.14783906538976
cp_379-20200302T0944,664,2020-04-19T17:55:57Z,39.34263964437679,-71.1412189896283
cp_379-20200302T0944,665,2020-04-19T19:52:33Z,39.34145123530496,-71.13037412780677
cp_379-20200302T0944,666,2020-04-19T21:40:58Z,39.34456753601253,-71.11665510325007
cp_379-20200302T0944,667,2020-04-19T23:30:26Z,39.34729870154024,-71.10470932613208
cp_379-20200302T0944,668,2020-04-20T01:12:43Z,39.35044544931817,-71.09094584412398
cp_379-20200302T0944,669,2020-04-20T03:18:04Z,39.35094385751674,-71.0804815850946
cp_379-20200302T0944,670,2020-04-20T05:06:17Z,39.35773107874099,-71.07192128022008
cp_379-20200302T0944,671,2020-04-20T06:51:47Z,39.3628884126525,-71.0654433341647
cp_379-20200302T0944,672,2020-04-20T10:25:42Z,39.36850814758974,-71.04983609803905
cp_379-20200302T0944,673,2020-04-20T12:11:27Z,39.37602797782859,-71.03874096435929
cp_379-20200302T0944,674,2020-04-20T14:00:01Z,39.38302451129308,-71.02846475408381
cp_379-20200302T0944,675,2020-04-20T15:41:21Z,39.39042018255546,-71.0176023072155
cp_379-20200302T0944,676,2020-04-20T17:46:39Z,39.3998352583037,-71.01005046429772
cp_379-20200302T0944,677,2020-04-20T19:28:17Z,39.40839984043951,-71.00160077332038
cp_379-20200302T0944,678,2020-04-20T21:09:45Z,39.41591657361951,-70.9941742056397
cp_379-20200302T0944,679,2020-04-20T22:53:59Z,39.424825627746976,-70.98537201832454
cp_379-20200302T0944,680,2020-04-21T01:04:24Z,39.42675997805147,-70.98125180514
cp_379-20200302T0944,681,2020-04-21T02:52:01Z,39.438665973707685,-70.9722051842942
cp_379-20200302T0944,682,2020-04-21T04:35:17Z,39.447219441146345,-70.96569835135605
cp_379-20200302T0944,683,2020-04-21T06:18:19Z,39.45770295193994,-70.9577232869943
cp_379-20200302T0944,684,2020-04-21T08:22:57Z,39.4650995780931,-70.94877208249751
cp_379-20200302T0944,685,2020-04-21T10:10:05Z,39.47409808872098,-70.93495206936608
cp_379-20200302T0944,686,2020-04-21T11:54:04Z,39.48115684063902,-70.92411426318137
cp_379-20200302T0944,687,2020-04-21T13:38:55Z,39.490180865819745,-70.91025903253295
cp_379-20200302T0944,688,2020-04-21T15:44:36Z,39.498992586726274,-70.9002748907876
cp_379-20200302T0944,689,2020-04-21T17:30:46Z,39.51198011414877,-70.89039746236172
cp_379-20200302T0944,690,2020-04-21T19:13:42Z,39.52214749048429,-70.88266777783234
cp_379-20200302T0944,691,2020-04-21T20:59:17Z,39.53497490821531,-70.87291581340067
cp_379-20200302T0944,692,2020-04-21T23:05:26Z,39.54504286801687,-70.86076702202503
cp_379-20200302T0944,693,2020-04-22T00:51:43Z,39.55706993646073,-70.84783500273403
cp_379-20200302T0944,694,2020-04-22T02:33:31Z,39.56631351928855,-70.83789689483044
cp_379-20200302T0944,695,2020-04-22T04:16:01Z,39.57798698958226,-70.82534632763704
cp_379-20200302T0944,696,2020-04-22T06:20:42Z,39.58335381858225,-70.81761377776536
cp_379-20200302T0944,697,2020-04-22T08:07:19Z,39.59647115605318,-70.80525147047427
cp_379-20200302T0944,698,2020-04-22T09:52:47Z,39.6076354860977,-70.79473212843472
cp_379-20200302T0944,699,2020-04-22T11:39:36Z,39.621703147799536,-70.78147718662017
cp_379-20200302T0944,700,2020-04-22T17:59:22Z,39.62680255903646,-70.76495007412248
cp_379-20200302T0944,701,2020-04-22T19:30:27Z,39.64176854299406,-70.75219955311917
cp_379-20200302T0944,702,2020-04-22T21:01:35Z,39.65326199897525,-70.74242718587222
cp_379-20200302T0944,703,2020-04-22T22:37:22Z,39.66809323471955,-70.72981685503207
cp_379-20200302T0944,704,2020-04-23T00:43:48Z,39.676003498782784,-70.71279214497713
cp_379-20200302T0944,705,2020-04-23T02:26:33Z,39.69080037346296,-70.69754638610735
cp_379-20200302T0944,706,2020-04-23T04:05:56Z,39.70247450788961,-70.68552483745574
cp_379-20200302T0944,707,2020-04-23T05:50:01Z,39.71743391279962,-70.67012025092689
cp_379-20200302T0944,708,2020-04-23T07:55:13Z,39.73038538784133,-70.66153271750737
cp_379-20200302T0944,709,2020-04-23T09:42:43Z,39.74706003237757,-70.65095934645926
cp_379-20200302T0944,710,2020-04-23T11:25:18Z,39.76109697654302,-70.64205921715786
cp_379-20200302T0944,711,2020-04-23T13:08:48Z,39.77714867135047,-70.63188163451532
cp_379-20200302T0944,712,2020-04-23T15:21:50Z,39.79003912845689,-70.61909236918231
cp_379-20200302T0944,713,2020-04-23T17:08:59Z,39.80176344929443,-70.60458557580107
cp_379-20200302T0944,714,2020-04-23T18:50:03Z,39.81220974871412,-70.59166510826182
cp_379-20200302T0944,715,2020-04-23T20:22:36Z,39.822404331055374,-70.57905597607784
cp_379-20200302T0944,716,2020-04-23T22:10:22Z,39.82002502833168,-70.56806557780166
cp_379-20200302T0944,717,2020-04-23T23:54:02Z,39.80673658159385,-70.55272311411959
cp_379-20200302T0944,718,2020-04-24T01:24:16Z,39.797363137475116,-70.54189466449009
cp_379-20200302T0944,719,2020-04-24T03:02:48Z,39.78474929666173,-70.52732282321676
cp_379-20200302T0944,720,2020-04-24T05:13:00Z,39.77916054092618,-70.5152641658684
cp_379-20200302T0944,721,2020-04-24T06:55:51Z,39.76575812905914,-70.4996791700254
cp_379-20200302T0944,722,2020-04-24T08:34:31Z,39.75563992451758,-70.48792072040781
cp_379-20200302T0944,723,2020-04-24T10:14:28Z,39.74306539435167,-70.47330775436097
cp_379-20200302T0944,724,2020-04-24T12:15:57Z,39.73676252307916,-70.45866703284429
cp_379-20200302T0944,725,2020-04-24T14:00:32Z,39.72269953630672,-70.44359439520605
cp_379-20200302T0944,726,2020-04-24T15:43:38Z,39.71057295624327,-70.43060624365178
cp_379-20200302T0944,727,2020-04-24T17:28:09Z,39.69662127654383,-70.41566332244686
cp_379-20200302T0944,728,2020-04-24T19:22:56Z,39.68369852647792,-70.40295196571459
cp_379-20200302T0944,729,2020-04-24T21:12:44Z,39.668386343367494,-70.38977170757583
cp_379-20200302T0944,730,2020-04-24T22:59:35Z,39.65558512565059,-70.37875447245565
cp_379-20200302T0944,731,2020-04-25T00:46:21Z,39.64096535744808,-70.36617212074101
cp_379-20200302T0944,732,2020-04-25T02:57:52Z,39.63018686907475,-70.36283109058073
cp_379-20200302T0944,733,2020-04-25T04:44:37Z,39.61705630435432,-70.3493089763017
cp_379-20200302T0944,734,2020-04-25T06:25:31Z,39.60728798601147,-70.33923182990482
cp_379-20200302T0944,735,2020-04-25T08:06:13Z,39.59449106150783,-70.32603032713568
cp_379-20200302T0944,736,2020-04-25T10:12:35Z,39.58793414932977,-70.3148781841209
cp_379-20200302T0944,737,2020-04-25T12:00:29Z,39.57690877634715,-70.29970202130922
cp_379-20200302T0944,738,2020-04-25T13:45:09Z,39.56808570381419,-70.28757122072929
cp_379-20200302T0944,739,2020-04-25T15:32:39Z,39.55714043680672,-70.27252262503139
cp_379-20200302T0944,740,2020-04-25T17:37:01Z,39.55070391156036,-70.26386255308597
cp_379-20200302T0944,741,2020-04-25T19:14:58Z,39.537498979401136,-70.250305082775
cp_379-20200302T0944,742,2020-04-25T20:47:10Z,39.52776101555162,-70.24032623038521
cp_379-20200302T0944,743,2020-04-25T22:22:43Z,39.515534987549785,-70.22779776646512
cp_379-20200302T0944,744,2020-04-26T00:24:12Z,39.50708067013046,-70.21938189600809
cp_379-20200302T0944,745,2020-04-26T02:08:56Z,39.495473765966345,-70.20567350240586
cp_379-20200302T0944,746,2020-04-26T03:52:47Z,39.48577568527155,-70.19422272055102
cp_379-20200302T0944,747,2020-04-26T05:40:01Z,39.473801462860635,-70.18008443762434
cp_379-20200302T0944,748,2020-04-26T07:47:49Z,39.465683466080094,-70.17145502399826
cp_379-20200302T0944,749,2020-04-26T09:33:49Z,39.45155164627603,-70.15809527308538
cp_379-20200302T0944,750,2020-04-26T11:12:21Z,39.441090670563355,-70.14820743468077
cp_379-20200302T0944,751,2020-04-26T12:50:49Z,39.42907293832905,-70.13684813153483
cp_379-20200302T0944,752,2020-04-26T14:55:00Z,39.41918687963642,-70.13209754171507
cp_379-20200302T0944,753,2020-04-26T16:35:43Z,39.40935277443021,-70.11897386529016
cp_379-20200302T0944,754,2020-04-26T18:09:15Z,39.40157025041489,-70.10858411490499
cp_379-20200302T0944,755,2020-04-26T19:49:13Z,39.391626080438854,-70.09530854471265
cp_379-20200302T0944,756,2020-04-26T21:54:41Z,39.385432923215966,-70.08615963480597
cp_379-20200302T0944,757,2020-04-26T23:36:50Z,39.37568566990524,-70.0717305055622
cp_379-20200302T0944,758,2020-04-27T01:12:49Z,39.36833673529359,-70.06084966400148
cp_379-20200302T0944,759,2020-04-27T02:57:32Z,39.35834869467477,-70.04606135886355
cp_379-20200302T0944,760,2020-04-27T04:59:31Z,39.35344650666562,-70.03583481551692
cp_379-20200302T0944,761,2020-04-27T06:41:08Z,39.34955362104626,-70.02210459951554
cp_379-20200302T0944,762,2020-04-27T08:19:12Z,39.34652884435767,-70.01143982480876
cp_379-20200302T0944,763,2020-04-27T09:50:19Z,39.34300856615219,-69.99902800805934
cp_379-20200302T0944,764,2020-04-27T11:48:15Z,39.34685398860627,-69.99859085835382
cp_379-20200302T0944,765,2020-04-27T13:34:22Z,39.36527349188245,-69.99619719591713
cp_379-20200302T0944,766,2020-04-27T15:19:46Z,39.37966454290126,-69.99430613270653
cp_379-20200302T0944,767,2020-04-27T17:05:23Z,39.39739830493535,-69.99197581889385
cp_379-20200302T0944,768,2020-04-27T19:10:04Z,39.40874804057442,-69.98874727811472
cp_379-20200302T0944,769,2020-04-27T20:56:14Z,39.42337618044401,-69.98735878665606
cp_379-20200302T0944,770,2020-04-27T22:39:11Z,39.43468508141329,-69.98628673152987
cp_379-20200302T0944,771,2020-04-28T00:23:16Z,39.44908559513936,-69.98492159935641
cp_379-20200302T0944,772,2020-04-28T02:30:05Z,39.452521707586044,-69.98462252213824
cp_379-20200302T0944,773,2020-04-28T04:18:24Z,39.468675815038154,-69.98486471171788
cp_379-20200302T0944,774,2020-04-28T06:02:53Z,39.481548365589596,-69.98505719233412
cp_379-20200302T0944,775,2020-04-28T07:49:57Z,39.498267833817636,-69.9853071951238
cp_379-20200302T0944,776,2020-04-28T09:59:16Z,39.50711497812442,-69.98870989624407
cp_379-20200302T0944,777,2020-04-28T11:47:48Z,39.520394949966814,-69.98716824726097
cp_379-20200302T0944,778,2020-04-28T13:32:12Z,39.530889157012275,-69.98594000150364
cp_379-20200302T0944,779,2020-04-28T15:17:14Z,39.54526178800958,-69.98425782361562
cp_379-20200302T0944,780,2020-04-28T17:12:45Z,39.553483367566685,-69.98139929147337
cp_379-20200302T0944,781,2020-04-28T19:00:54Z,39.568350469213335,-69.97917768866749
cp_379-20200302T0944,782,2020-04-28T20:45:25Z,39.58049948523917,-69.9773674011063
cp_379-20200302T0944,783,2020-04-28T22:31:35Z,39.59524573488052,-69.97517010774173
cp_379-20200302T0944,784,2020-04-29T00:45:45Z,39.603882005433746,-69.97573725761629
cp_379-20200302T0944,785,2020-04-29T02:33:07Z,39.61845605148352,-69.97828863302821
cp_379-20200302T0944,786,2020-04-29T04:18:00Z,39.6300357018809,-69.98030995690115
cp_379-20200302T0944,787,2020-04-29T06:04:03Z,39.644521766913115,-69.98283861951785
cp_379-20200302T0944,788,2020-04-29T08:08:45Z,39.657787901899255,-69.97908782586413
cp_379-20200302T0944,789,2020-04-29T09:48:17Z,39.671361049086265,-69.97859646641115
cp_379-20200302T0944,790,2020-04-29T11:27:08Z,39.68208550048263,-69.97822237405626
cp_379-20200302T0944,791,2020-04-29T13:08:23Z,39.69675298030911,-69.97771074023319
cp_379-20200302T0944,792,2020-04-29T15:08:03Z,39.70378389713826,-69.97714779776881
cp_379-20200302T0944,793,2020-04-29T16:44:14Z,39.71819948432694,-69.9784981251652
cp_379-20200302T0944,794,2020-04-29T18:15:58Z,39.730212470673806,-69.97962340954494
cp_379-20200302T0944,795,2020-04-29T19:59:06Z,39.74561634243242,-69.98106632605024
cp_379-20200302T0944,796,2020-04-29T22:09:16Z,39.76144894714068,-69.98304546060301
cp_379-20200302T0944,797,2020-04-29T23:54:27Z,39.777341376251954,-69.98509995982579
cp_379-20200302T0944,798,2020-04-30T01:34:49Z,39.78935132506972,-69.98665626652847
cp_379-20200302T0944,799,2020-04-30T03:17:51Z,39.80476524590199,-69.98865367623189
cp_379-20200302T0944,800,2020-04-30T05:22:15Z,39.81638103881675,-69.99248551330905
cp_379-20200302T0944,801,2020-04-30T07:03:18Z,39.82511778052863,-69.99996132103884
cp_379-20200302T0944,802,2020-04-30T08:58:53Z,39.8240253510489,-70.00667086353751
cp_379-20200302T0944,803,2020-04-30T10:44:26Z,39.81226116444647,-70.02104268597951
cp_379-20200302T0944,804,2020-04-30T12:47:45Z,39.803304720645684,-70.0330019363527
cp_379-20200302T0944,805,2020-04-30T14:34:52Z,39.79221419419261,-70.05200923165802
cp_379-20200302T0944,806,2020-04-30T16:18:31Z,39.78410897191888,-70.0659079677711
cp_379-20200302T0944,807,2020-04-30T18:03:01Z,39.77399695084691,-70.08324793794127
cp_379-20200302T0944,808,2020-04-30T20:10:39Z,39.770781444487476,-70.09755558405898
cp_379-20200302T0944,809,2020-04-30T21:59:04Z,39.75670003539924,-70.11165092690686
cp_379-20200302T0944,810,2020-04-30T23:41:49Z,39.746086029304614,-70.12225261304357
cp_379-20200302T0944,811,2020-05-01T01:27:13Z,39.732159182116256,-70.13616329497165
cp_379-20200302T0944,812,2020-05-01T03:34:30Z,39.72215220394325,-70.14750687299433
cp_379-20200302T0944,813,2020-05-01T05:17:04Z,39.70835182801323,-70.16099156599661
cp_379-20200302T0944,814,2020-05-01T06:52:42Z,39.697261960942335,-70.1717919001723
cp_379-20200302T0944,815,2020-05-01T08:39:12Z,39.68327881307463,-70.18540997772308
cp_379-20200302T0944,816,2020-05-01T10:49:31Z,39.67222989657659,-70.19851497054528
cp_379-20200302T0944,817,2020-05-01T12:37:15Z,39.65661160381948,-70.2165051007549
cp_379-20200302T0944,818,2020-05-01T14:22:51Z,39.64519220781131,-70.22965393269797
cp_379-20200302T0944,819,2020-05-01T16:08:50Z,39.63028757657813,-70.24681582909935
cp_379-20200302T0944,820,2020-05-01T18:02:49Z,39.621181161626794,-70.25722307803188
cp_379-20200302T0944,821,2020-05-01T19:49:40Z,39.60440412738364,-70.27756408309737
cp_379-20200302T0944,822,2020-05-01T21:34:14Z,39.59206318073499,-70.29253286642479
cp_379-20200302T0944,823,2020-05-01T23:20:19Z,39.57654801257434,-70.31135177854692
cp_379-20200302T0944,824,2020-05-02T01:15:16Z,39.56333050713414,-70.32528643012553
cp_379-20200302T0944,825,2020-05-02T02:59:08Z,39.54863958983859,-70.34632872445147
cp_379-20200302T0944,826,2020-05-02T04:37:00Z,39.53657692912186,-70.36365628452465
cp_379-20200302T0944,827,2020-05-02T06:17:06Z,39.52253966779709,-70.38382028437343
cp_379-20200302T0944,828,2020-05-02T08:07:16Z,39.509314417945774,-70.4000131766092
cp_379-20200302T0944,829,2020-05-02T09:53:59Z,39.491864606949484,-70.4200150042022
cp_379-20200302T0944,830,2020-05-02T11:36:01Z,39.47910457382947,-70.43465872159867
cp_379-20200302T0944,831,2020-05-02T13:21:09Z,39.46193143388129,-70.45436702531904
cp_379-20200302T0944,832,2020-05-02T15:13:13Z,39.450419929476105,-70.4679110055195
cp_379-20200302T0944,833,2020-05-02T17:00:03Z,39.43355387470048,-70.48938009941719
cp_379-20200302T0944,834,2020-05-02T18:43:48Z,39.42120907304597,-70.50509682619992
cp_379-20200302T0944,835,2020-05-02T20:26:42Z,39.40606997256949,-70.52437110152515
cp_379-20200302T0944,836,2020-05-02T22:22:13Z,39.39258636179355,-70.53827810645137
cp_379-20200302T0944,837,2020-05-03T00:11:22Z,39.37312349302968,-70.55358927360676
cp_379-20200302T0944,838,2020-05-03T01:55:06Z,39.35877661735149,-70.5648689639416
cp_379-20200302T0944,839,2020-05-03T03:38:57Z,39.33986037021563,-70.57974115038664
cp_379-20200302T0944,840,2020-05-03T05:56:19Z,39.33759704049827,-70.58532406560938
cp_379-20200302T0944,841,2020-05-03T06:44:16Z,39.3392288358526,-70.5906178067797
cp_379-20200302T0944,842,2020-05-03T08:11:00Z,39.34411777679907,-70.5954125267115
cp_379-20200302T0944,843,2020-05-03T10:02:22Z,39.358048999102245,-70.60786423004728
cp_379-20200302T0944,844,2020-05-03T11:56:44Z,39.37065164856942,-70.6191161299087
cp_379-20200302T0944,845,2020-05-03T13:41:51Z,39.383368738084854,-70.63047020415547
cp_379-20200302T0944,846,2020-05-03T15:28:12Z,39.39423911363113,-70.64208544237685
cp_379-20200302T0944,847,2020-05-03T17:13:24Z,39.40849379982443,-70.6608105981684
cp_379-20200302T0944,848,2020-05-03T19:04:26Z,39.42080721521236,-70.67698768219444
cp_379-20200302T0944,849,2020-05-03T20:49:04Z,39.43507344743759,-70.69573033239918
cp_379-20200302T0944,850,2020-05-03T22:55:02Z,39.44946721023547,-70.70395140102423
cp_379-20200302T0944,851,2020-05-04T00:40:39Z,39.465220703722125,-70.71835804119337
cp_379-20200302T0944,852,2020-05-04T02:24:19Z,39.47878583442728,-70.73078560873978
cp_379-20200302T0944,853,2020-05-04T04:10:10Z,39.49445024090295,-70.74513640813731
cp_379-20200302T0944,854,2020-05-04T06:17:53Z,39.50870015822956,-70.75689801145586
cp_379-20200302T0944,855,2020-05-04T08:05:55Z,39.523192485182754,-70.77233715542167
cp_379-20200302T0944,856,2020-05-04T09:51:18Z,39.534836614523805,-70.78477319367833
cp_379-20200302T0944,857,2020-05-04T11:38:04Z,39.549666232245414,-70.80061136310391
cp_379-20200302T0944,858,2020-05-04T13:35:50Z,39.56230421947049,-70.8128625922118
cp_379-20200302T0944,859,2020-05-04T15:25:32Z,39.5765666338267,-70.82996280342674
cp_379-20200302T0944,860,2020-05-04T17:09:48Z,39.58844773685938,-70.84423717268615
cp_379-20200302T0944,861,2020-05-04T18:56:02Z,39.602129912646596,-70.86067541322002
cp_379-20200302T0944,862,2020-05-04T21:12:41Z,39.61377668351575,-70.8706361544823
cp_379-20200302T0944,863,2020-05-04T22:58:13Z,39.62933159619672,-70.88524292361227
cp_379-20200302T0944,864,2020-05-05T00:41:24Z,39.64225444712704,-70.89737593547603
cp_379-20200302T0944,865,2020-05-05T02:27:18Z,39.65870613138788,-70.91282209990153
cp_379-20200302T0944,866,2020-05-05T04:30:00Z,39.66909595026566,-70.92485433137013
cp_379-20200302T0944,867,2020-05-05T06:10:36Z,39.68432405017218,-70.94711149256935
cp_379-20200302T0944,868,2020-05-05T07:50:37Z,39.69712385790895,-70.96581668563283
cp_379-20200302T0944,869,2020-05-05T09:32:12Z,39.711255826922454,-70.98646865277188
cp_379-20200302T0944,870,2020-05-05T11:27:19Z,39.723285435508124,-71.00599377275796
cp_379-20200302T0944,871,2020-05-05T13:14:32Z,39.741653936477476,-71.0334062554812
cp_379-20200302T0944,872,2020-05-05T14:56:28Z,39.75371202497546,-71.05138914107576
cp_379-20200302T0944,873,2020-05-05T16:39:41Z,39.770366579468345,-71.07622698731687
cp_379-20200302T0944,874,2020-05-05T18:49:33Z,39.78526312827619,-71.09878440365206
cp_379-20200302T0944,875,2020-05-05T20:37:39Z,39.79894612518565,-71.13550953373341
cp_379-20200302T0944,876,2020-05-05T22:15:52Z,39.808337595721746,-71.1607382680869
cp_379-20200302T0944,877,2020-05-05T23:45:08Z,39.81955559658623,-71.19087369391822
cp_379-20200302T0944,878,2020-05-06T01:40:27Z,39.817604352048384,-71.20961702863323
cp_379-20200302T0944,879,2020-05-06T03:28:31Z,39.80300593250579,-71.21604118225768
cp_379-20200302T0944,880,2020-05-06T05:13:32Z,39.79085617291772,-71.22137628389828
cp_379-20200302T0944,881,2020-05-06T06:58:43Z,39.775740165341276,-71.2280138997487
cp_379-20200302T0944,882,2020-05-06T09:06:19Z,39.76579324617921,-71.23433966695248
cp_379-20200302T0944,883,2020-05-06T10:50:53Z,39.75246175698861,-71.23434602064783
cp_379-20200302T0944,884,2020-05-06T12:32:41Z,39.741732293072964,-71.23434565831283
cp_379-20200302T0944,885,2020-05-06T14:18:44Z,39.72791160339076,-71.23434519158685
cp_379-20200302T0944,886,2020-05-06T16:24:45Z,39.71991134873819,-71.23553655622521
cp_379-20200302T0944,887,2020-05-06T18:13:22Z,39.70735137111652,-71.23138247731534
cp_379-20200302T0944,888,2020-05-06T19:59:52Z,39.69791537982166,-71.22825450163639
cp_379-20200302T0944,889,2020-05-06T21:44:01Z,39.686813032717744,-71.22457413879641
cp_379-20200302T0944,890,2020-05-06T23:49:18Z,39.677528380505514,-71.22304379010978
cp_379-20200302T0944,891,2020-05-07T01:39:01Z,39.66288363060345,-71.21734787118334
cp_379-20200302T0944,892,2020-05-07T03:27:06Z,39.65113803468823,-71.21278321800575
cp_379-20200302T0944,893,2020-05-07T05:15:01Z,39.6369758354146,-71.20727940803452
cp_379-20200302T0944,894,2020-05-07T07:25:34Z,39.62057439158357,-71.20360681666503
cp_379-20200302T0944,895,2020-05-07T09:14:04Z,39.60484919694122,-71.19867189271515
cp_379-20200302T0944,896,2020-05-07T10:55:46Z,39.59178748554797,-71.19457340757116
cp_379-20200302T0944,897,2020-05-07T12:41:40Z,39.57574944245146,-71.18954101331663
cp_379-20200302T0944,898,2020-05-07T14:57:23Z,39.56209811624096,-71.1829257762776
cp_379-20200302T0944,899,2020-05-07T16:40:16Z,39.54437518864974,-71.17724378135638
cp_379-20200302T0944,900,2020-05-07T18:14:55Z,39.53079249972829,-71.17289369353833
cp_379-20200302T0944,901,2020-05-07T20:00:04Z,39.512286134711694,-71.16696671446367
cp_379-20200302T0944,902,2020-05-07T22:09:29Z,39.49399070261151,-71.15500786328897
cp_379-20200302T0944,903,2020-05-07T23:58:03Z,39.47496521242668,-71.14805784185907
cp_379-20200302T0944,904,2020-05-08T01:42:30Z,39.45987507989553,-71.14256398745152
cp_379-20200302T0944,905,2020-05-08T03:27:02Z,39.441357975090554,-71.13582247755176
cp_379-20200302T0944,906,2020-05-08T05:30:49Z,39.4300709908039,-71.12833782403628
cp_379-20200302T0944,907,2020-05-08T07:15:40Z,39.41087896521383,-71.1307265487574
cp_379-20200302T0944,908,2020-05-08T08:57:23Z,39.39803755386446,-71.13233671500521
cp_379-20200302T0944,909,2020-05-08T10:42:57Z,39.38051343275847,-71.13453403954844
cp_379-20200302T0944,910,2020-05-08T12:50:26Z,39.366243534575375,-71.12981219707395
cp_379-20200302T0944,911,2020-05-08T14:35:29Z,39.35369672794333,-71.13528625125579
cp_379-20200302T0944,912,2020-05-08T16:11:18Z,39.34455972366729,-71.13931175681546
cp_379-20200302T0944,913,2020-05-08T17:51:48Z,39.331998906664296,-71.14484569738856
cp_379-20200302T0944,914,2020-05-08T20:00:18Z,39.32487517663084,-71.1483625232265
cp_379-20200302T0944,915,2020-05-08T21:43:44Z,39.32486333254762,-71.15436508271851
cp_379-20200302T0944,916,2020-05-08T23:21:28Z,39.32485852516645,-71.15957776310614
cp_379-20200302T0944,917,2020-05-09T01:05:59Z,39.324852484694226,-71.16612749360276
cp_379-20200302T0944,918,2020-05-09T03:13:20Z,39.328061275112155,-71.16181153564263
cp_379-20200302T0944,919,2020-05-09T04:57:11Z,39.33503130763321,-71.16273764884417
cp_379-20200302T0944,920,2020-05-09T06:55:50Z,39.342449250275315,-71.14629703055884
cp_379-20200302T0944,921,2020-05-09T08:42:24Z,39.35541816120346,-71.1300520479104
cp_379-20200302T0944,922,2020-05-09T10:43:06Z,39.360751137177736,-71.1103259217953
cp_379-20200302T0944,923,2020-05-09T12:21:09Z,39.377006995959064,-71.1000655581476
cp_379-20200302T0944,924,2020-05-09T13:59:04Z,39.391021142515676,-71.09124686600136
cp_379-20200302T0944,925,2020-05-09T15:38:38Z,39.407195360069124,-71.0810689044156
cp_379-20200302T0944,926,2020-05-09T17:40:52Z,39.42060649789604,-71.07096250972597
cp_379-20200302T0944,927,2020-05-09T19:24:16Z,39.44260821143235,-71.0669884675762
cp_379-20200302T0944,928,2020-05-09T21:02:01Z,39.45912565041704,-71.06400287853178
cp_379-20200302T0944,929,2020-05-09T22:43:18Z,39.48039978010641,-71.06015749980273
cp_379-20200302T0944,930,2020-05-10T00:47:53Z,39.497616105537425,-71.0502643420625
cp_379-20200302T0944,931,2020-05-10T02:33:57Z,39.513304222162695,-71.03893249036544
cp_379-20200302T0944,932,2020-05-10T04:16:55Z,39.52441255324182,-71.03090876014875
cp_379-20200302T0944,933,2020-05-10T06:02:01Z,39.53942398913223,-71.02006575313968
cp_379-20200302T0944,934,2020-05-10T07:59:14Z,39.548962962780024,-71.01133717686564
cp_379-20200302T0944,935,2020-05-10T09:44:58Z,39.5589897876846,-71.00301124519247
cp_379-20200302T0944,936,2020-05-10T11:23:36Z,39.566423987700716,-70.99684208243035
cp_379-20200302T0944,937,2020-05-10T13:06:01Z,39.57674178522096,-70.9882800082178
cp_379-20200302T0944,938,2020-05-10T15:10:12Z,39.58446482887504,-70.98280410614515
cp_379-20200302T0944,939,2020-05-10T16:59:20Z,39.59200206808122,-70.97618089118372
cp_379-20200302T0944,940,2020-05-10T18:33:12Z,39.596633120880874,-70.97210482764932
cp_379-20200302T0944,941,2020-05-10T22:56:46Z,39.60799387891389,-70.94803124723568
cp_379-20200302T0944,942,2020-05-11T00:42:24Z,39.6051305933295,-70.93514933664946
cp_379-20200302T0944,943,2020-05-11T02:21:48Z,39.60313849622856,-70.92618489969526
cp_379-20200302T0944,944,2020-05-11T04:03:35Z,39.60060428991876,-70.91478097130113
cp_379-20200302T0944,945,2020-05-11T06:09:57Z,39.59670207936005,-70.90338987617969
cp_379-20200302T0944,946,2020-05-11T07:56:05Z,39.596914752198565,-70.88962429462232
cp_379-20200302T0944,947,2020-05-11T09:40:39Z,39.597118138870066,-70.87760766249032
cp_379-20200302T0944,948,2020-05-11T11:28:36Z,39.59735507688878,-70.86360872643446
cp_379-20200302T0944,949,2020-05-11T13:37:26Z,39.60362570502165,-70.85579504844637
cp_379-20200302T0944,950,2020-05-11T15:24:16Z,39.605648573310425,-70.83914117544902
cp_379-20200302T0944,951,2020-05-11T16:41:24Z,39.606771553023925,-70.82974372765479
cp_379-20200302T0944,952,2020-05-11T17:25:38Z,39.60753998917937,-70.82331321197657
cp_379-20200302T0944,953,2020-05-11T18:55:02Z,39.6132067835093,-70.81095576926923
cp_379-20200302T0944,954,2020-05-11T20:41:08Z,39.62104282468081,-70.80014526052746
cp_379-20200302T0944,955,2020-05-11T22:42:52Z,39.626468670499946,-70.79237815875936
cp_379-20200302T0944,956,2020-05-12T00:31:28Z,39.63765162397857,-70.78556468802313
cp_379-20200302T0944,957,2020-05-12T02:17:06Z,39.647151712534104,-70.77978335951427
cp_379-20200302T0944,958,2020-05-12T04:03:59Z,39.658685833921886,-70.7727642097017
cp_379-20200302T0944,959,2020-05-12T06:12:44Z,39.66629852795806,-70.76674249601335
cp_379-20200302T0944,960,2020-05-12T08:00:58Z,39.673911057359476,-70.75637276807878
cp_379-20200302T0944,961,2020-05-12T09:45:19Z,39.679779048182795,-70.74836523780131
cp_379-20200302T0944,962,2020-05-12T11:29:35Z,39.68716194394812,-70.73829045016848
cp_379-20200302T0944,963,2020-05-12T13:32:57Z,39.69032813974607,-70.72792415538677
cp_379-20200302T0944,964,2020-05-12T15:15:25Z,39.70060844224588,-70.71836658882783
cp_379-20200302T0944,965,2020-05-12T16:56:04Z,39.70841227511471,-70.71112433300391
cp_379-20200302T0944,966,2020-05-12T18:40:43Z,39.7188470086947,-70.70144050054479
cp_379-20200302T0944,967,2020-05-12T20:43:08Z,39.72454828801197,-70.69368024042129
cp_379-20200302T0944,968,2020-05-12T22:30:51Z,39.73267705571017,-70.68069338136885
cp_379-20200302T0944,969,2020-05-13T00:14:25Z,39.740095246471824,-70.66884645064792
cp_379-20200302T0944,970,2020-05-13T01:57:27Z,39.74840970669308,-70.65556816792535
cp_379-20200302T0944,971,2020-05-13T04:06:08Z,39.75523787009206,-70.64067984573516
cp_379-20200302T0944,972,2020-05-13T05:52:07Z,39.767140523693314,-70.62680804099375
cp_379-20200302T0944,973,2020-05-13T07:32:54Z,39.77643942572925,-70.61597553809307
cp_379-20200302T0944,974,2020-05-13T09:15:18Z,39.788119497942326,-70.60236915578689
cp_379-20200302T0944,975,2020-05-13T11:20:56Z,39.79467588224939,-70.59403985005886
cp_379-20200302T0944,976,2020-05-13T13:09:33Z,39.80547459080058,-70.58068048519621
cp_379-20200302T0944,977,2020-05-13T14:50:23Z,39.813354108293304,-70.57091331831026
cp_379-20200302T0944,978,2020-05-13T16:17:36Z,39.822741989784085,-70.55927643758629
cp_379-20200302T0944,979,2020-05-13T17:59:16Z,39.81631606599156,-70.54796213420467
cp_379-20200302T0944,980,2020-05-13T19:48:28Z,39.79707625027786,-70.52893952319212
cp_379-20200302T0944,981,2020-05-13T21:33:44Z,39.78205516352265,-70.51407676581796
cp_379-20200302T0944,982,2020-05-13T23:21:21Z,39.763149243704326,-70.49537012336432
cp_379-20200302T0944,983,2020-05-14T01:35:04Z,39.746628447642564,-70.48129205012357
cp_379-20200302T0944,984,2020-05-14T03:20:35Z,39.72638333130579,-70.47211277223312
cp_379-20200302T0944,985,2020-05-14T05:03:35Z,39.71178333156985,-70.46549851318268
cp_379-20200302T0944,986,2020-05-14T06:48:07Z,39.690207809091184,-70.4557241229496
cp_379-20200302T0944,987,2020-05-14T08:51:09Z,39.67623748724712,-70.4448133534402
cp_379-20200302T0944,988,2020-05-14T10:34:04Z,39.66459958848966,-70.4292907935032
cp_379-20200302T0944,989,2020-05-14T12:15:49Z,39.65502773370155,-70.41652072128892
cp_379-20200302T0944,990,2020-05-14T13:59:11Z,39.644617539920105,-70.40263219818691
cp_379-20200302T0944,991,2020-05-14T16:03:51Z,39.6362715359566,-70.38442820277676
cp_379-20200302T0944,992,2020-05-14T17:49:53Z,39.62681552265068,-70.36578814225908
cp_379-20200302T0944,993,2020-05-14T19:32:54Z,39.619673742765535,-70.35171908579213
cp_379-20200302T0944,994,2020-05-14T21:17:04Z,39.60975000436306,-70.33216966839292
cp_379-20200302T0944,995,2020-05-14T23:24:25Z,39.60138785537073,-70.31435147393448
cp_379-20200302T0944,996,2020-05-15T01:11:32Z,39.588147795898315,-70.30033572867933
cp_379-20200302T0944,997,2020-05-15T02:54:21Z,39.57805285792823,-70.28965648332922
cp_379-20200302T0944,998,2020-05-15T04:40:36Z,39.563677834465096,-70.27444941589293
cp_379-20200302T0944,999,2020-05-15T06:46:56Z,39.55518162026809,-70.26179681930844
cp_379-20200302T0944,1000,2020-05-15T08:31:58Z,39.54239735881574,-70.24702903974881
cp_379-20200302T0944,1001,2020-05-15T10:13:29Z,39.533069636298755,-70.23627142725064
cp_379-20200302T0944,1002,2020-05-15T11:56:29Z,39.52043111365417,-70.22169548667009
cp_379-20200302T0944,1003,2020-05-15T14:03:21Z,39.511470391688604,-70.20444679274395
cp_379-20200302T0944,1004,2020-05-15T15:49:00Z,39.498588426196505,-70.18962561424826
cp_379-20200302T0944,1005,2020-05-15T17:31:59Z,39.48808164350905,-70.17755877750152
cp_379-20200302T0944,1006,2020-05-15T19:19:13Z,39.475482230911425,-70.1630885957682
cp_379-20200302T0944,1007,2020-05-15T21:27:25Z,39.461302553409496,-70.14587534700804
cp_379-20200302T0944,1008,2020-05-15T23:15:14Z,39.44654444263323,-70.13045164945889
cp_379-20200302T0944,1009,2020-05-16T00:58:47Z,39.434927473619204,-70.11830899596372
cp_379-20200302T0944,1010,2020-05-16T02:44:39Z,39.42032846001511,-70.10304935609105
cp_379-20200302T0944,1011,2020-05-16T04:51:44Z,39.410015895056354,-70.08705714617788
cp_379-20200302T0944,1012,2020-05-16T06:39:11Z,39.39568559159078,-70.07158704212009
cp_379-20200302T0944,1013,2020-05-16T08:23:50Z,39.38205634928487,-70.056883377793
cp_379-20200302T0944,1014,2020-05-16T10:08:28Z,39.3674994908051,-70.04117897134547
cp_379-20200302T0944,1015,2020-05-16T12:15:29Z,39.35796106320781,-70.02678681917928
cp_379-20200302T0944,1016,2020-05-16T14:05:57Z,39.351660842297115,-70.02634852005993
cp_379-20200302T0944,1017,2020-05-16T15:58:19Z,39.34662494120741,-70.0260386066234
cp_379-20200302T0944,1018,2020-05-16T17:58:35Z,39.34055987358776,-70.02566535744408
cp_379-20200302T0944,1019,2020-05-16T20:15:36Z,39.33518390996834,-70.02208688172507
cp_379-20200302T0944,1020,2020-05-16T21:52:49Z,39.33915106591498,-70.00354280477207
cp_379-20200302T0944,1021,2020-05-16T23:49:26Z,39.350826363317566,-69.99888230937329
cp_379-20200302T0944,1022,2020-05-17T01:39:34Z,39.36716559453837,-69.99591195927158
cp_379-20200302T0944,1023,2020-05-17T03:40:25Z,39.38241250662827,-69.99285437224329
cp_379-20200302T0944,1024,2020-05-17T05:23:58Z,39.39915451068361,-69.99173218620112
cp_379-20200302T0944,1025,2020-05-17T07:07:30Z,39.41262622844282,-69.99083248684758
cp_379-20200302T0944,1026,2020-05-17T08:54:17Z,39.43006545641363,-69.98966782006848
cp_379-20200302T0944,1027,2020-05-17T11:02:13Z,39.44228397701196,-69.98360641393768
cp_379-20200302T0944,1028,2020-05-17T12:45:53Z,39.46023069285223,-69.98111290600278
cp_379-20200302T0944,1029,2020-05-17T14:26:25Z,39.47493393091199,-69.97909829587599
cp_379-20200302T0944,1030,2020-05-17T16:10:28Z,39.493532644108384,-69.97654993504563
cp_379-20200302T0944,1031,2020-05-17T18:15:20Z,39.510179764097835,-69.97710645817823
cp_379-20200302T0944,1032,2020-05-17T20:00:25Z,39.52939641142066,-69.9785956410455
cp_379-20200302T0944,1033,2020-05-17T21:41:13Z,39.54337103624099,-69.97967968956442
cp_379-20200302T0944,1034,2020-05-17T23:23:46Z,39.5620811136762,-69.98113107963705
cp_379-20200302T0944,1035,2020-05-18T01:30:01Z,39.57687278019545,-69.9796294415122
cp_379-20200302T0944,1036,2020-05-18T03:16:06Z,39.59749697689074,-69.9804259508944
cp_379-20200302T0944,1037,2020-05-18T04:59:03Z,39.61226578672058,-69.98100532496647
cp_379-20200302T0944,1038,2020-05-18T06:45:40Z,39.63259398916023,-69.98180279162499
cp_379-20200302T0944,1039,2020-05-18T08:51:18Z,39.648640487296376,-69.98405254105073
cp_379-20200302T0944,1040,2020-05-18T10:37:30Z,39.66877587400617,-69.98526489304268
cp_379-20200302T0944,1041,2020-05-18T12:21:24Z,39.685274789380124,-69.98625721696177
cp_379-20200302T0944,1042,2020-05-18T14:06:58Z,39.705792609204096,-69.98749125707394
cp_379-20200302T0944,1043,2020-05-19T16:45:55Z,39.76862507376967,-70.07317443159397
cp_379-20200302T0944,1044,2020-05-19T18:37:07Z,39.75821289843798,-70.08640881055665
cp_379-20200302T0944,1045,2020-05-19T20:23:34Z,39.75128519798551,-70.09520945909456
cp_379-20200302T0944,1046,2020-05-19T22:08:58Z,39.741813917362464,-70.10724136095574
cp_379-20200302T0944,1047,2020-05-20T00:06:07Z,39.734221135146925,-70.11591210767426
cp_379-20200302T0944,1048,2020-05-20T01:56:00Z,39.72030736260195,-70.12471298120144
cp_379-20200302T0944,1049,2020-05-20T03:43:35Z,39.70968449981917,-70.13142388821844
cp_379-20200302T0944,1050,2020-05-20T05:31:18Z,39.69698969210557,-70.13944372956506
cp_379-20200302T0944,1051,2020-05-20T07:23:54Z,39.68656966451834,-70.1449479324958
cp_379-20200302T0944,1052,2020-05-20T09:11:08Z,39.67395513742205,-70.15554684416257
cp_379-20200302T0944,1053,2020-05-20T10:56:55Z,39.66374232898528,-70.16415135422204
cp_379-20200302T0944,1054,2020-05-20T12:40:23Z,39.651502184445086,-70.17446393841254
cp_379-20200302T0944,1055,2020-05-19T09:37:30Z,39.80137451225912,-70.03067525940244
cp_379-20200302T0944,1056,2020-05-19T11:25:43Z,39.79146598226923,-70.04328236288808
cp_379-20200302T0944,1057,2020-05-19T13:09:17Z,39.784334337363426,-70.05232584143096
cp_379-20200302T0944,1058,2020-05-19T14:52:47Z,39.77538438780179,-70.06367507122152
cp_379-20200302T0944,1059,2020-05-20T14:54:31Z,39.64648730812468,-70.18163011681925
cp_379-20200302T0944,1060,2020-05-20T16:40:35Z,39.65785457492181,-70.19138137984373
cp_379-20200302T0944,1061,2020-05-20T18:25:02Z,39.66647683479487,-70.19877868922728
cp_379-20200302T0944,1062,2020-05-20T20:11:19Z,39.677372547182394,-70.20812646541026
cp_379-20200302T0944,1063,2020-05-19T05:57:32Z,39.81956177459837,-70.01034849349688
cp_379-20200302T0944,1064,2020-05-19T07:45:15Z,39.80836367234177,-70.02144800786462
cp_379-20200302T0944,1065,2020-05-20T22:22:39Z,39.68612342531671,-70.21550936903476
cp_379-20200302T0944,1066,2020-05-21T00:07:43Z,39.69541498301886,-70.22483402136788
cp_379-20200302T0944,1067,2020-05-21T01:51:49Z,39.70236596908254,-70.23181067177963
cp_379-20200302T0944,1068,2020-05-21T03:35:57Z,39.712601064640666,-70.24208355723584
cp_379-20200302T0944,1069,2020-05-18T23:19:26Z,39.78954150987811,-69.99029055658737
cp_379-20200302T0944,1070,2020-05-19T01:06:20Z,39.8013684921619,-69.9958914779884
cp_379-20200302T0944,1071,2020-05-19T02:47:40Z,39.81033487457073,-70.00015359840717
cp_379-20200302T0944,1072,2020-05-19T04:17:04Z,39.82009921158821,-70.0047950221476
cp_379-20200302T0944,1073,2020-05-21T05:44:03Z,39.720614923288274,-70.24711224898746
cp_379-20200302T0944,1074,2020-05-21T07:32:25Z,39.73184495526262,-70.25766859333064
cp_379-20200302T0944,1075,2020-05-21T09:18:05Z,39.740387094675626,-70.2657890832925
cp_379-20200302T0944,1076,2020-05-21T11:02:45Z,39.75086336724293,-70.27574823545652
cp_379-20200302T0944,1077,2020-05-18T16:13:29Z,39.723438154542954,-69.98809735480111
cp_379-20200302T0944,1078,2020-05-18T17:59:43Z,39.74226649994709,-69.98853618813948
cp_379-20200302T0944,1079,2020-05-18T19:43:40Z,39.75784940674651,-69.98889923944606
cp_379-20200302T0944,1080,2020-05-18T21:27:30Z,39.77575186281727,-69.98931633172232
cp_379-20200302T0944,1081,2020-05-21T13:14:01Z,39.75629865448002,-70.28401975607714
cp_379-20200302T0944,1082,2020-05-21T15:03:09Z,39.76836171241116,-70.29180042472501
cp_379-20200302T0944,1083,2020-05-21T16:50:13Z,39.77762129540372,-70.29776867843374
cp_379-20200302T0944,1084,2020-05-21T18:36:49Z,39.79026947057345,-70.30592104538447
cp_379-20200302T0944,1085,2020-05-21T20:47:09Z,39.80038889642192,-70.31538977309694
cp_379-20200302T0944,1086,2020-05-21T22:32:08Z,39.80870169251632,-70.3298674400555
cp_379-20200302T0944,1087,2020-05-22T00:15:39Z,39.81487489261212,-70.34061394999495
cp_379-20200302T0944,1088,2020-05-22T01:56:10Z,39.823715865097896,-70.35600460593004
cp_379-20200302T0944,1089,2020-05-22T03:59:36Z,39.83065314196632,-70.35999266227998
cp_379-20200302T0944,1090,2020-05-22T05:38:31Z,39.84088153384968,-70.37132567364525
cp_379-20200302T0944,1091,2020-05-22T07:31:15Z,39.85060504190646,-70.3728959084149
cp_379-20200302T0944,1092,2020-05-22T09:14:08Z,39.863559993735244,-70.37414429448935
cp_379-20200302T0944,1093,2020-05-22T10:57:11Z,39.87261663167841,-70.37359390211932
cp_379-20200302T0944,1094,2020-05-22T12:15:09Z,39.88658718943895,-70.3702017324203
cp_379-20200302T0944,1095,2020-05-22T13:28:54Z,39.89612119047428,-70.36788621963785
cp_379-20200302T0944,1096,2020-05-22T14:33:45Z,39.906912791999254,-70.36526527475003
cp_379-20200302T0944,1097,2020-05-22T15:25:09Z,39.9118748875023,-70.36184541456228
cp_379-20200302T0944,1098,2020-05-22T15:39:14Z,39.910336488972256,-70.36075998778031
